date,currency_code,name,local_price,dollar_ex,dollar_price
2000-04-01,ARS,Argentina,2.5,1.0,2.5
2000-04-01,AUD,Australia,2.59,1.68,15.416.666.666.666.600
2000-04-01,BRL,Brazil,2.95,1.79,164.804.469.273.743
2000-04-01,CAD,Canada,2.85,1.47,193.877.551.020.408
2000-04-01,CHF,Switzerland,5.9,1.7,34.705.882.352.941.200
2000-04-01,CLP,Chile,1260.0,514.0,245.136.186.770.428
2000-04-01,CNY,China,9.9,8.28,119.565.217.391.304
2000-04-01,CZK,Czech Republic,54.37,39.1,139.053.708.439.898
2000-04-01,DKK,Denmark,24.75,08.04,307.835.820.895.522
2000-04-01,EUR,Euro area,2.56,1.075.268.817,238.080.000.045.235
2000-04-01,GBP,Britain,1.9,632.911.392,30.020.000.019.212.800
2000-04-01,HKD,Hong Kong,10.2,7.79,130.937.098.844.673
2000-04-01,HUF,Hungary,339.0,279.0,121.505.376.344.086
2000-04-01,IDR,Indonesia,14500.0,7945.0,182.504.719.949.654
2000-04-01,ILS,Israel,14.5,04.05,358.024.691.358.025
2000-04-01,JPY,Japan,294.0,106.0,277.358.490.566.038
2000-04-01,KRW,South Korea,3000.0,1108.0,270.758.122.743.682
2000-04-01,MXN,Mexico,20.9,9.41,22.210.414.452.709.900
2000-04-01,MYR,Malaysia,4.52,3.8,118.947.368.421.053
2000-04-01,NZD,New Zealand,3.4,02.01,169.154.228.855.721
2000-04-01,PLN,Poland,5.5,4.3,127.906.976.744.186
2000-04-01,RUB,Russia,39.5,28.5,13.859.649.122.806.900
2000-04-01,SGD,Singapore,3.2,1.7,188.235.294.117.647
2000-04-01,SEK,Sweden,24.0,8.84,27.149.321.266.968.200
2000-04-01,THB,Thailand,55.0,38.0,14.473.684.210.526.200
2000-04-01,TWD,Taiwan,70.0,30.6,228.758.169.934.641
2000-04-01,USD,United States,2.51,1.0,2.51
2000-04-01,ZAR,South Africa,9.0,6.72,133.928.571.428.571
2001-04-01,ARS,Argentina,2.5,1.0,2.5
2001-04-01,AUD,Australia,3.0,1.98,151.515.151.515.152
2001-04-01,BRL,Brazil,3.6,2.19,16.438.356.164.383.600
2001-04-01,CAD,Canada,3.33,1.56,21.346.153.846.153.700
2001-04-01,CHF,Switzerland,6.3,1.73,364.161.849.710.983
2001-04-01,CLP,Chile,1260.0,601.0,209.650.582.362.729
2001-04-01,CNY,China,9.9,8.28,119.565.217.391.304
2001-04-01,CZK,Czech Republic,56.0,39.0,14.358.974.358.974.400
2001-04-01,DKK,Denmark,24.75,8.46,292.553.191.489.362
2001-04-01,EUR,Euro area,2.57,1.136.363.636,226.160.000.072.371
2001-04-01,GBP,Britain,1.99,699.300.699,284.570.000.122.365
2001-04-01,HKD,Hong Kong,10.7,7.8,13.717.948.717.948.700
2001-04-01,HUF,Hungary,399.0,303.0,131.683.168.316.832
2001-04-01,IDR,Indonesia,14700.0,10855.0,135.421.464.762.782
2001-04-01,JPY,Japan,294.0,124.0,237.096.774.193.548
2001-04-01,KRW,South Korea,3000.0,1325.0,226.415.094.339.623
2001-04-01,MXN,Mexico,21.9,9.29,235.737.351.991.389
2001-04-01,MYR,Malaysia,4.52,3.8,118.947.368.421.053
2001-04-01,NZD,New Zealand,3.6,2.47,14.574.898.785.425.000
2001-04-01,PHP,Philippines,59.0,50.3,117.296.222.664.016
2001-04-01,PLN,Poland,5.9,04.03,14.640.198.511.166.200
2001-04-01,RUB,Russia,35.0,28.9,12.110.726.643.598.600
2001-04-01,SGD,Singapore,3.3,1.81,18.232.044.198.895
2001-04-01,SEK,Sweden,24.0,10.28,233.463.035.019.455
2001-04-01,THB,Thailand,55.0,45.5,12.087.912.087.912.000
2001-04-01,TWD,Taiwan,70.0,32.9,21.276.595.744.680.900
2001-04-01,USD,United States,2.54,1.0,2.54
2001-04-01,ZAR,South Africa,9.7,8.13,11.931.119.311.193.100
2002-04-01,ARS,Argentina,2.5,3.13,7.987.220.447.284.350
2002-04-01,AUD,Australia,3.0,1.86,161.290.322.580.645
2002-04-01,BRL,Brazil,3.6,2.34,153.846.153.846.154
2002-04-01,CAD,Canada,3.33,1.57,212.101.910.828.025
2002-04-01,CHF,Switzerland,6.3,1.66,379.518.072.289.157
2002-04-01,CLP,Chile,1400.0,655.0,213.740.458.015.267
2002-04-01,CNY,China,10.5,8.28,126.811.594.202.899
2002-04-01,CZK,Czech Republic,56.28,34.0,16.552.941.176.470.600
2002-04-01,DKK,Denmark,24.75,8.38,29.534.606.205.250.600
2002-04-01,EUR,Euro area,2.67,1.123.595.506,237.629.999.919.206
2002-04-01,GBP,Britain,1.99,689.655.172,28.855.000.017.313
2002-04-01,HKD,Hong Kong,11.2,8.0,1.4
2002-04-01,HUF,Hungary,459.0,272.0,1.6875
2002-04-01,IDR,Indonesia,16000.0,9430.0,169.671.261.930.011
2002-04-01,ILS,Israel,12.0,4.79,250.521.920.668.058
2002-04-01,JPY,Japan,262.0,130.0,201.538.461.538.462
2002-04-01,KRW,South Korea,3100.0,1304.0,237.730.061.349.693
2002-04-01,MXN,Mexico,21.9,9.28,235.991.379.310.345
2002-04-01,MYR,Malaysia,05.04,3.8,132.631.578.947.368
2002-04-01,NOK,Norway,35.0,8.56,4.088.785.046.728.970
2002-04-01,NZD,New Zealand,3.6,2.24,160.714.285.714.286
2002-04-01,PEN,Peru,8.5,3.43,247.813.411.078.717
2002-04-01,PHP,Philippines,65.0,51.0,127.450.980.392.157
2002-04-01,PLN,Poland,5.9,04.04,146.039.603.960.396
2002-04-01,RUB,Russia,39.0,31.2,1.25
2002-04-01,SGD,Singapore,3.3,1.82,181.318.681.318.681
2002-04-01,SEK,Sweden,26.0,10.4,2.5
2002-04-01,THB,Thailand,55.0,43.3,12.702.078.521.940.000
2002-04-01,TRY,Turkey,4000000.0,1324500.0,302.000.755.001.888
2002-04-01,TWD,Taiwan,70.0,34.8,201.149.425.287.356
2002-04-01,USD,United States,2.49,1.0,2.49
2002-04-01,ZAR,South Africa,9.7,10.9,8.899.082.568.807.330
2003-04-01,ARS,Argentina,4.1,2.88,142.361.111.111.111
2003-04-01,AUD,Australia,3.0,1.61,186.335.403.726.708
2003-04-01,BRL,Brazil,4.55,03.07,14.820.846.905.537.500
2003-04-01,CAD,Canada,3.2,1.45,220.689.655.172.414
2003-04-01,CHF,Switzerland,6.3,1.37,45.985.401.459.854.000
2003-04-01,CLP,Chile,1400.0,716.0,19.553.072.625.698.300
2003-04-01,CNY,China,9.9,8.28,119.565.217.391.304
2003-04-01,CZK,Czech Republic,56.57,28.9,19.574.394.463.667.800
2003-04-01,DKK,Denmark,27.75,6.78,40.929.203.539.823
2003-04-01,EGP,Egypt,8.0,5.92,135.135.135.135.135
2003-04-01,EUR,Euro area,2.71,9.090.909.090.000.000,29.810.000.002.981
2003-04-01,GBP,Britain,1.99,632.911.392,31.442.000.020.122.800
2003-04-01,HKD,Hong Kong,11.5,7.8,147.435.897.435.897
2003-04-01,HUF,Hungary,490.0,224.0,2.1875
2003-04-01,IDR,Indonesia,16100.0,8740.0,18.421.052.631.578.800
2003-04-01,JPY,Japan,262.0,120.0,218.333.333.333.333
2003-04-01,KRW,South Korea,3300.0,1220.0,27.049.180.327.868.900
2003-04-01,MXN,Mexico,23.0,10.53,218.423.551.756.885
2003-04-01,MYR,Malaysia,05.04,3.8,132.631.578.947.368
2003-04-01,NZD,New Zealand,3.95,1.78,221.910.112.359.551
2003-04-01,PEN,Peru,7.9,3.46,228.323.699.421.965
2003-04-01,PHP,Philippines,65.0,52.5,123.809.523.809.524
2003-04-01,PLN,Poland,6.3,3.89,16.195.372.750.642.600
2003-04-01,RUB,Russia,41.0,31.1,131.832.797.427.653
2003-04-01,SGD,Singapore,3.3,1.78,185.393.258.426.966
2003-04-01,SEK,Sweden,30.0,8.34,35.971.223.021.582.600
2003-04-01,THB,Thailand,59.0,42.7,138.173.302.107.728
2003-04-01,TRY,Turkey,3750000.0,1600500.0,23.430.178.069.353.300
2003-04-01,TWD,Taiwan,70.0,34.8,201.149.425.287.356
2003-04-01,USD,United States,2.71,1.0,2.71
2003-04-01,ZAR,South Africa,13.95,7.56,18.452.380.952.381
2004-05-01,ARS,Argentina,4.36,2.95,14.779.661.016.949.200
2004-05-01,AUD,Australia,3.25,1.43,22.727.272.727.272.700
2004-05-01,BRL,Brazil,5.4,3.18,16.981.132.075.471.600
2004-05-01,CAD,Canada,3.19,1.37,23.284.671.532.846.600
2004-05-01,CHF,Switzerland,6.3,1.29,488.372.093.023.256
2004-05-01,CLP,Chile,1400.0,641.0,218.408.736.349.454
2004-05-01,CNY,China,10.4,8.28,1.256.038.647.343
2004-05-01,COP,Colombia,6500.0,2769.83,23.467.144.192.964.900
2004-05-01,CRC,Costa Rica,1130.0,433.55,260.638.911.313.574
2004-05-01,CZK,Czech Republic,56.42,26.5,212.905.660.377.359
2004-05-01,DKK,Denmark,27.75,6.22,446.141.479.099.679
2004-05-01,EGP,Egypt,10.0,6.19,16.155.088.852.988.700
2004-05-01,EUR,Euro area,2.74,833.333.333,32.880.000.013.152
2004-05-01,GBP,Britain,1.88,558.659.218,33.651.999.992.596.600
2004-05-01,HKD,Hong Kong,12.0,7.79,154.043.645.699.615
2004-05-01,HUF,Hungary,530.0,211.0,251.184.834.123.223
2004-05-01,IDR,Indonesia,16100.0,9120.0,176.535.087.719.298
2004-05-01,JPY,Japan,262.0,113.0,231.858.407.079.646
2004-05-01,KRW,South Korea,3200.0,1177.0,271.877.655.055.225
2004-05-01,LKR,Sri Lanka,140.0,99.0,141.414.141.414.141
2004-05-01,MXN,Mexico,24.0,11.6,206.896.551.724.138
2004-05-01,MYR,Malaysia,05.04,3.8,132.631.578.947.368
2004-05-01,NOK,Norway,35.5,6.8491,5.183.162.751.310.380
2004-05-01,NZD,New Zealand,4.35,1.64,26.524.390.243.902.400
2004-05-01,PKR,Pakistan,110.0,57.76,190.443.213.296.399
2004-05-01,PEN,Peru,8.99,3.49,257.593.123.209.169
2004-05-01,PHP,Philippines,69.0,55.9,123.434.704.830.054
2004-05-01,PLN,Poland,6.3,3.87,16.279.069.767.441.800
2004-05-01,RUB,Russia,42.0,29.0,144.827.586.206.897
2004-05-01,SAR,Saudi Arabia,2.4,3.7502,639.965.868.487.014
2004-05-01,SGD,Singapore,3.3,1.71,19.298.245.614.035.000
2004-05-01,SEK,Sweden,30.0,7.61,39.421.813.403.416.600
2004-05-01,THB,Thailand,59.0,40.8,144.607.843.137.255
2004-05-01,TRY,Turkey,3950000.0,1531000.0,258.001.306.335.728
2004-05-01,TWD,Taiwan,75.0,33.4,224.550.898.203.593
2004-05-01,UAH,Ukraine,7.25,5.3315,13.598.424.458.407.500
2004-05-01,UYU,Uruguay,29.8,29.735,100.218.597.612.241
2004-05-01,USD,United States,2.9,1.0,2.9
2004-05-01,ZAR,South Africa,12.4,6.66,186.186.186.186.186
2005-06-01,AED,UAE,9.0,3.6725,245.064.669.843.431
2005-06-01,ARS,Argentina,4.75,2.897,16.396.272.005.522.900
2005-06-01,AUD,Australia,3.25,1.3015,24.971.187.091.817.000
2005-06-01,BRL,Brazil,5.9,2.4648,239.370.334.307.043
2005-06-01,CAD,Canada,3.28,1.2494,26.252.601.248.599.300
2005-06-01,CHF,Switzerland,6.3,1.2475,50.501.002.004.007.900
2005-06-01,CLP,Chile,1500.0,592.45,253.185.922.862.689
2005-06-01,CNY,China,10.5,8.2764,126.866.753.661.012
2005-06-01,COP,Colombia,6500.0,2327.7,27.924.560.725.179.300
2005-06-01,CRC,Costa Rica,1130.0,475.3,23.774.458.236.902.900
2005-06-01,CZK,Czech Republic,56.42,245.409,22.990.191.883.753.100
2005-06-01,DKK,Denmark,27.75,6.0647,457.565.914.224.941
2005-06-01,EGP,Egypt,9.0,5.8,155.172.413.793.103
2005-06-01,EUR,Euro area,2.92,814.929.509,358.313.199.823.029
2005-06-01,GBP,Britain,1.88,546.448.087,344.040.000.271.792
2005-06-01,HKD,Hong Kong,12.0,7.7807,154.227.768.709.756
2005-06-01,HUF,Hungary,530.0,203.643,26.025.937.547.571
2005-06-01,IDR,Indonesia,14600.0,9545.0,15.295.966.474.594
2005-06-01,JPY,Japan,250.0,106.715,234.268.846.928.735
2005-06-01,KRW,South Korea,2500.0,1005.5,248.632.521.133.764
2005-06-01,LKR,Sri Lanka,175.0,99.945,17.509.630.296.663.200
2005-06-01,MXN,Mexico,28.0,10.8675,25.764.895.330.112.700
2005-06-01,MYR,Malaysia,5.25,3.8,13.815.789.473.684.200
2005-06-01,NOK,Norway,39.0,6.4326,606.286.726.984.423
2005-06-01,NZD,New Zealand,4.45,1.4023,31.733.580.546.245.400
2005-06-01,PKR,Pakistan,130.0,59.62,218.047.635.021.805
2005-06-01,PEN,Peru,8.99,3.2546,276.224.420.819.763
2005-06-01,PHP,Philippines,80.0,54.55,14.665.444.546.287.700
2005-06-01,PLN,Poland,6.5,3.3096,196.398.356.296.833
2005-06-01,RUB,Russia,42.0,284.055,147.858.689.338.332
2005-06-01,SAR,Saudi Arabia,9.0,3.7501,239.993.600.170.662
2005-06-01,SGD,Singapore,3.6,1.6607,216.776.058.288.673
2005-06-01,SEK,Sweden,31.0,7.4402,416.655.466.250.907
2005-06-01,THB,Thailand,60.0,40.53,14.803.849.000.740.200
2005-06-01,TRY,Turkey,4.0,1.369,29.218.407.596.786
2005-06-01,TWD,Taiwan,75.0,31.175,24.057.738.572.574.100
2005-06-01,UAH,Ukraine,7.25,05.06,14.328.063.241.106.600
2005-06-01,UYU,Uruguay,44.0,24.125,18.238.341.968.911.800
2005-06-01,USD,United States,03.06,1.0,03.06
2005-06-01,ZAR,South Africa,13.95,6.6482,20.983.123.251.406.300
2006-01-01,ARS,Argentina,4.75,3.0638,15.503.622.951.889.800
2006-01-01,AUD,Australia,3.25,1.3308,24.421.400.661.256.400
2006-01-01,BRL,Brazil,6.2,2.2615,274.154.322.352.421
2006-01-01,CAD,Canada,3.52,1.1704,300.751.879.699.248
2006-01-01,CHF,Switzerland,6.3,1.2776,4.931.120.851.596.740
2006-01-01,CLP,Chile,1560.0,522.75,29.842.180.774.748.900
2006-01-01,CNY,China,10.5,8.0641,130.206.718.666.683
2006-01-01,CZK,Czech Republic,62.0,238.375,260.094.389.092.816
2006-01-01,DKK,Denmark,27.75,6.1769,4.492.544.804.027.910
2006-01-01,EGP,Egypt,9.25,5.74,161.149.825.783.972
2006-01-01,EUR,Euro area,2.91,82.815.735,35.138.249.995.607.600
2006-01-01,GBP,Britain,1.88,566.925.563,33.161.319.980.909
2006-01-01,HKD,Hong Kong,12.0,7.7512,154.814.738.363.092
2006-01-01,HUF,Hungary,560.0,206.956,27.058.891.745.105.200
2006-01-01,IDR,Indonesia,14600.0,9460.0,154.334.038.054.968
2006-01-01,JPY,Japan,250.0,114.305,218.713.092.165.697
2006-01-01,KRW,South Korea,2500.0,977.45,255.767.558.442.887
2006-01-01,MXN,Mexico,28.0,10.5425,265.591.652.833.768
2006-01-01,MYR,Malaysia,5.5,3.7488,146.713.615.023.474
2006-01-01,NZD,New Zealand,4.45,1.4467,307.596.599.156.701
2006-01-01,PEN,Peru,9.5,3.446,275.681.950.087.057
2006-01-01,PHP,Philippines,82.0,52.58,15.595.283.377.710.100
2006-01-01,PLN,Poland,6.5,3.1151,208.661.038.168.919
2006-01-01,RUB,Russia,46.0,28.67,16.044.645.971.398.700
2006-01-01,SGD,Singapore,3.6,1.6353,22.014.309.301.045.600
2006-01-01,SEK,Sweden,33.0,7.7119,427.910.112.942.336
2006-01-01,THB,Thailand,60.0,39.755,150.924.412.023.645
2006-01-01,TRY,Turkey,4.1,1.3365,306.771.417.882.529
2006-01-01,TWD,Taiwan,75.0,319.495,234.745.457.675.394
2006-01-01,USD,United States,3.15,1.0,3.15
2006-01-01,ZAR,South Africa,13.95,6.0803,22.942.946.894.067.600
2006-05-01,AED,UAE,9.0,3.6726,245.057.997.059.304
2006-05-01,ARS,Argentina,7.0,3.0565,229.020.121.053.493
2006-05-01,AUD,Australia,3.25,133.253,24.389.694.791.111.600
2006-05-01,BRL,Brazil,6.4,2.3045,277.717.509.221.089
2006-05-01,CAD,Canada,3.52,112.045,31.415.948.949.083
2006-05-01,CHF,Switzerland,6.3,120.885,5.211.564.710.261.820
2006-05-01,CLP,Chile,1560.0,529.95,29.436.739.315.029.700
2006-05-01,CNY,China,10.5,8.026,130.824.819.337.154
2006-05-01,COP,Colombia,6500.0,2503.6,259.626.138.360.761
2006-05-01,CRC,Costa Rica,1130.0,509.535,22.177.083.026.681.200
2006-05-01,CZK,Czech Republic,59.05,221.078,267.100.299.441.826
2006-05-01,DKK,Denmark,27.75,581.825,476.947.535.771.065
2006-05-01,EGP,Egypt,9.5,577.075,16.462.331.586.015.700
2006-05-01,EUR,Euro area,29.395.735.289.999.900,780.365.992,37.669.164.970.479.600
2006-05-01,GBP,Britain,1.94,531.801.744,364.797.600.212.458
2006-05-01,HKD,Hong Kong,12.0,7.7533,154.772.806.417.912
2006-05-01,HUF,Hungary,560.0,2.063.444,271.390.936.705.818
2006-05-01,IDR,Indonesia,14600.0,9325.0,15.656.836.461.126
2006-05-01,JPY,Japan,250.0,112.105,223.005.218.322.109
2006-05-01,KRW,South Korea,2500.0,952.4,262.494.750.104.998
2006-05-01,LKR,Sri Lanka,190.0,102.955,184.546.646.593.172
2006-05-01,MXN,Mexico,29.0,11.3031,256.566.782.564.075
2006-05-01,MYR,Malaysia,5.5,3.6295,15.153.602.424.576.300
2006-05-01,NOK,Norway,43.0,6.1023,704.652.344.198.089
2006-05-01,NZD,New Zealand,4.45,162.101,274.520.206.537.899
2006-05-01,PKR,Pakistan,130.0,60.055,216.468.237.449.005
2006-05-01,PEN,Peru,9.5,3.261,291.321.680.466.115
2006-05-01,PHP,Philippines,85.0,52.625,16.152.019.002.375.300
2006-05-01,PLN,Poland,6.5,309.915,209.734.927.318.781
2006-05-01,RUB,Russia,48.0,2.706.375,177.359.013.440.488
2006-05-01,SAR,Saudi Arabia,9.0,37.489.999.999.999.900,240.064.017.071.219
2006-05-01,SGD,Singapore,3.6,1.5873,22.680.022.680.022.700
2006-05-01,SEK,Sweden,33.0,728.455,453.013.569.815.569
2006-05-01,THB,Thailand,60.0,38.445,15.606.710.885.680.800
2006-05-01,TRY,Turkey,4.2,1.5415,27.246.188.777.165.000
2006-05-01,TWD,Taiwan,75.0,32.141,23.334.681.559.379
2006-05-01,UAH,Ukraine,8.5,05.05,168.316.831.683.168
2006-05-01,UYU,Uruguay,42.28,23.925,176.718.913.270.637
2006-05-01,USD,United States,3.1,1.0,3.1
2006-05-01,ZAR,South Africa,13.95,6.597,211.459.754.433.834
2007-01-01,AED,UAE,10.0,3.6726,272.286.663.399.227
2007-01-01,ARS,Argentina,8.25,308.875,267.098.340.752.732
2007-01-01,AUD,Australia,3.45,1.266.865,272.325.780.568.569
2007-01-01,BRL,Brazil,6.4,2.1335,29.997.656.433.091.100
2007-01-01,CAD,Canada,3.63,117.485,30.897.561.390.815.800
2007-01-01,CHF,Switzerland,6.3,1.2485,504.605.526.631.958
2007-01-01,CLP,Chile,1670.0,540.15,309.173.377.765.436
2007-01-01,CNY,China,11.0,7.7743,141.491.838.493.498
2007-01-01,COP,Colombia,6900.0,2.239.325,30.812.856.552.755.800
2007-01-01,CRC,Costa Rica,1130.0,509.535,22.177.083.026.681.200
2007-01-01,CZK,Czech Republic,52.1,2.150.115,242.312.620.487.741
2007-01-01,DKK,Denmark,27.75,575.305,48.235.283.892.891.600
2007-01-01,EGP,Egypt,09.09,5.7,159.473.684.210.526
2007-01-01,EUR,Euro area,2.94,771.813.376,380.921.099.765.962
2007-01-01,GBP,Britain,1.94,506.034.461,383.373.099.959.688
2007-01-01,HKD,Hong Kong,12.0,779.845,153.876.731.914.675
2007-01-01,HUF,Hungary,590.0,1.944.237,303.460.946.376.393
2007-01-01,IDR,Indonesia,15900.0,9090.0,17.491.749.174.917.500
2007-01-01,JPY,Japan,280.0,121.585,23.029.156.557.141.000
2007-01-01,KRW,South Korea,2900.0,940.15,30.846.141.573.153.100
2007-01-01,LKR,Sri Lanka,190.0,102.955,184.546.646.593.172
2007-01-01,MXN,Mexico,29.0,10.8894,266.314.030.157.768
2007-01-01,MYR,Malaysia,5.5,3.502,157.053.112.507.139
2007-01-01,NOK,Norway,41.5,6.1023,6.800.714.484.702.490
2007-01-01,NZD,New Zealand,4.6,14.279.600.000.000.000,32.213.787.501.050.400
2007-01-01,PKR,Pakistan,140.0,60.055,233.119.640.329.698
2007-01-01,PEN,Peru,9.5,3.1895,29.785.232.795.109
2007-01-01,PHP,Philippines,85.0,49.05,17.329.255.861.366
2007-01-01,PLN,Poland,6.9,297.175,232.186.422.141.836
2007-01-01,RUB,Russia,49.0,265.335,184.672.206.832.872
2007-01-01,SAR,Saudi Arabia,9.0,37.489.999.999.999.900,240.064.017.071.219
2007-01-01,SGD,Singapore,3.6,153.795,234.077.830.878.767
2007-01-01,SEK,Sweden,32.0,704.125,45.446.476.122.847.400
2007-01-01,THB,Thailand,62.0,35.3,175.637.393.767.705
2007-01-01,TRY,Turkey,4.55,140.975,322.752.261.039.191
2007-01-01,TWD,Taiwan,75.0,329.255,227.786.973.622.268
2007-01-01,UAH,Ukraine,9.0,05.05,17.821.782.178.217.800
2007-01-01,UYU,Uruguay,55.0,23.925,229.885.057.471.264
2007-01-01,USD,United States,3.22,1.0,3.22
2007-01-01,ZAR,South Africa,15.5,710.975,21.801.047.856.816.200
2007-06-01,AED,UAE,10.0,367.285,27.226.812.965.408.300
2007-06-01,ARS,Argentina,8.25,3.0915,266.860.747.210.092
2007-06-01,AUD,Australia,3.45,1.17,294.871.794.871.795
2007-06-01,BRL,Brazil,6.9,1.913,360.690.015.682.175
2007-06-01,CAD,Canada,3.88,105.345,36.831.363.614.789.500
2007-06-01,CHF,Switzerland,6.3,1.2112,52.014.531.043.593.000
2007-06-01,CLP,Chile,1565.0,526.75,29.710.488.846.701.400
2007-06-01,CNY,China,11.0,7.6047,14.464.738.911.462.500
2007-06-01,COP,Colombia,6900.0,1956.0,352.760.736.196.319
2007-06-01,CRC,Costa Rica,1130.0,518.625,217.883.827.428.296
2007-06-01,CZK,Czech Republic,52.9,2.111.675,25.051.203.428.557.800
2007-06-01,DKK,Denmark,27.75,5.4603,50.821.383.440.470.300
2007-06-01,EGP,Egypt,9.54,569.025,167.655.199.683.669
2007-06-01,EUR,Euro area,3.057.482.443,7.337.564.659.999.990,41.668.899.487.422
2007-06-01,GBP,Britain,1.99,49.661.063.200.000.000,40.071.635.034.990.600
2007-06-01,HKD,Hong Kong,12.0,781.555,15.354.005.796.137.100
2007-06-01,HUF,Hungary,600.0,1.802.106,33.294.378.910.008.500
2007-06-01,IDR,Indonesia,15900.0,9015.0,176.372.712.146.423
2007-06-01,JPY,Japan,280.0,122.315,22.891.714.017.087
2007-06-01,KRW,South Korea,2900.0,922.5,314.363.143.631.436
2007-06-01,LKR,Sri Lanka,210.0,111.4,18.850.987.432.675.000
2007-06-01,MXN,Mexico,29.0,1.076.755,26.932.774.865.219.900
2007-06-01,MYR,Malaysia,5.5,3.4345,16.013.975.833.454.600
2007-06-01,NOK,Norway,40.0,5.8139,688.006.329.658.233
2007-06-01,NZD,New Zealand,4.6,1.2797,359.459.248.261.311
2007-06-01,PKR,Pakistan,140.0,60.37,231.903.263.210.204
2007-06-01,PEN,Peru,9.5,3.167,299.968.424.376.381
2007-06-01,PHP,Philippines,85.0,458.975,185.195.272.073.642
2007-06-01,PLN,Poland,6.9,275.185,250.740.410.996.239
2007-06-01,RUB,Russia,52.0,2.564.825,20.274.287.719.435.000
2007-06-01,SAR,Saudi Arabia,9.0,375.045,23.997.120.345.558.500
2007-06-01,SGD,Singapore,3.95,152.375,25.922.887.612.797.400
2007-06-01,SEK,Sweden,33.0,679.165,48.589.076.292.211.700
2007-06-01,THB,Thailand,62.0,34.455,17.994.485.560.876.400
2007-06-01,TRY,Turkey,4.75,1.2981,36.591.942.069.177.900
2007-06-01,TWD,Taiwan,75.0,327.705,22.886.437.497.139.200
2007-06-01,UAH,Ukraine,9.25,5.0275,18.398.806.563.898.600
2007-06-01,UYU,Uruguay,62.0,23.945,25.892.670.703.696
2007-06-01,USD,United States,3.41,1.0,3.41
2007-06-01,ZAR,South Africa,15.5,6.971,222.349.734.614.833
2008-06-01,AED,UAE,10.0,367.285,27.226.812.965.408.300
2008-06-01,ARS,Argentina,11.0,3.0195,364.298.724.954.463
2008-06-01,AUD,Australia,3.45,1.026,336.257.309.941.521
2008-06-01,BRL,Brazil,7.5,1.5846,473.305.566.073.457
2008-06-01,CAD,Canada,04.09,100.355,407.553.186.189.029
2008-06-01,CHF,Switzerland,6.5,102.215,635.914.493.958.812
2008-06-01,CLP,Chile,1550.0,494.65,313.352.875.770.747
2008-06-01,CNY,China,12.5,6.834,18.290.898.448.931.700
2008-06-01,COP,Colombia,7000.0,1798.65,389.180.774.469.741
2008-06-01,CRC,Costa Rica,1800.0,551.02,32.666.690.864.215.400
2008-06-01,CZK,Czech Republic,66.08,1.449.795,455.788.577.005.715
2008-06-01,DKK,Denmark,28.0,4.7044,5.951.874.840.574.780
2008-06-01,EGP,Egypt,13.0,5.3125,244.705.882.352.941
2008-06-01,EUR,Euro area,336.856,630.497.147,5.342.704.588.003.460
2008-06-01,GBP,Britain,2.29,5.010.396.570.000.000,45.704.965.026.351.200
2008-06-01,HKD,Hong Kong,13.3,7.7974,17.056.967.707.184.300
2008-06-01,HUF,Hungary,670.0,1.442.578,464.446.289.905.988
2008-06-01,IDR,Indonesia,18700.0,9152.0,204.326.923.076.923
2008-06-01,JPY,Japan,280.0,106.855,262.037.340.320.996
2008-06-01,KRW,South Korea,3200.0,1018.05,31.432.640.832.964.900
2008-06-01,LKR,Sri Lanka,210.0,107.55,19.525.801.952.580.200
2008-06-01,MXN,Mexico,32.0,10.1685,31.469.734.965.825.800
2008-06-01,MYR,Malaysia,5.5,3.238,16.985.793.699.814.700
2008-06-01,NOK,Norway,40.0,507.915,787.533.347.115.167
2008-06-01,NZD,New Zealand,4.9,1.3177,37.186.005.919.405
2008-06-01,PKR,Pakistan,140.0,70.9,197.461.212.976.023
2008-06-01,PEN,Peru,9.5,2.84,334.507.042.253.521
2008-06-01,PHP,Philippines,87.0,44.485,195.571.540.968.866
2008-06-01,PLN,Poland,7.0,203.145,344.581.456.595.043
2008-06-01,RUB,Russia,59.0,232.336,25.394.256.593.898.500
2008-06-01,SAR,Saudi Arabia,10.0,374.955,26.669.867.050.712.700
2008-06-01,SGD,Singapore,3.95,135.275,29.199.778.229.532.400
2008-06-01,SEK,Sweden,38.0,596.085,6.374.929.749.951.760
2008-06-01,THB,Thailand,62.0,33.36,18.585.131.894.484.400
2008-06-01,TRY,Turkey,5.15,119.275,431.775.309.159.505
2008-06-01,TWD,Taiwan,75.0,303.625,24.701.523.260.601.000
2008-06-01,UAH,Ukraine,11.0,4.6,239.130.434.782.609
2008-06-01,UYU,Uruguay,61.0,19.15,31.853.785.900.783.300
2008-06-01,USD,United States,3.57,1.0,3.57
2008-06-01,ZAR,South Africa,16.95,756.325,224.110.005.619.277
2009-07-01,AED,UAE,10.0,3.673,27.225.701.061.802.200
2009-07-01,ARS,Argentina,11.5,381.125,30.173.827.484.421.000
2009-07-01,AUD,Australia,4.34,1.2869,337.244.541.145.388
2009-07-01,BRL,Brazil,08.03,1.9971,40.208.302.037.955
2009-07-01,CAD,Canada,3.89,116.085,33.509.928.069.948.700
2009-07-01,CHF,Switzerland,6.5,108.605,598.499.148.289.674
2009-07-01,CLP,Chile,1750.0,548.55,31.902.287.849.785.700
2009-07-01,CNY,China,12.5,6.8327,182.943.785.033.735
2009-07-01,COP,Colombia,7000.0,2095.6,33.403.321.244.512.300
2009-07-01,CRC,Costa Rica,2000.0,582.57,343.306.383.782.206
2009-07-01,CZK,Czech Republic,67.92,1.866.155,363.956.906.044.782
2009-07-01,DKK,Denmark,29.5,5.3375,552.693.208.430.913
2009-07-01,EGP,Egypt,13.0,558.475,232.776.758.135.995
2009-07-01,EUR,Euro area,3.31,7.168.972.690.000.000,46.171.189.975.617
2009-07-01,GBP,Britain,2.29,620.886.626,36.882.740.006.063.500
2009-07-01,HKD,Hong Kong,13.3,7.7505,171.601.832.139.862
2009-07-01,HUF,Hungary,720.0,1.991.577,361.522.552.228.711
2009-07-01,IDR,Indonesia,20900.0,10200.0,20.490.196.078.431.300
2009-07-01,ILS,Israel,15.0,397.425,37.742.970.371.768.300
2009-07-01,JPY,Japan,320.0,92.565,345.703.019.499.811
2009-07-01,KRW,South Korea,3400.0,1314.5,258.653.480.410.803
2009-07-01,LKR,Sri Lanka,210.0,114.86,182.831.272.853.909
2009-07-01,MXN,Mexico,33.0,138.104,238.950.356.253.258
2009-07-01,MYR,Malaysia,6.77,3.602,18.795.113.825.652.300
2009-07-01,NOK,Norway,40.0,650.925,614.510.120.213.542
2009-07-01,NZD,New Zealand,4.9,159.235,30.772.129.242.942.700
2009-07-01,PKR,Pakistan,190.0,82.6,230.024.213.075.061
2009-07-01,PEN,Peru,8.056.000.000.000.000,3.0274,26.610.292.660.368.500
2009-07-01,PHP,Philippines,99.39,48.385,20.541.490.131.239
2009-07-01,PLN,Poland,7.6,315.525,24.086.839.394.659.700
2009-07-01,RUB,Russia,67.0,327.959,204.293.829.411.603
2009-07-01,SAR,Saudi Arabia,11.0,3.7504,29.330.204.778.157.000
2009-07-01,SGD,Singapore,4.22,1.4645,28.815.295.322.635.600
2009-07-01,SEK,Sweden,39.0,790.915,4.930.997.641.971.630
2009-07-01,THB,Thailand,64.49,34.165,188.760.427.337.919
2009-07-01,TRY,Turkey,5.65,155.005,364.504.370.826.748
2009-07-01,TWD,Taiwan,75.0,331.755,22.607.044.355.021
2009-07-01,UAH,Ukraine,14.0,7.66,182.767.624.020.888
2009-07-01,UYU,Uruguay,61.0,23.17,26.327.147.173.068.500
2009-07-01,USD,United States,3.57,1.0,3.57
2009-07-01,ZAR,South Africa,17.95,8.2805,216.774.349.375.038
2010-01-01,AED,UAE,11.0,3.673,29.948.271.167.982.500
2010-01-01,ARS,Argentina,7.0,3.7985,18.428.326.971.172.800
2010-01-01,AUD,Australia,4.35,109.355,397.787.023.912.944
2010-01-01,BRL,Brazil,8.2,1.7233,475.831.253.989.439
2010-01-01,CAD,Canada,4.12,1.0368,39.737.654.320.987.700
2010-01-01,CHF,Switzerland,6.5,103.115,630.364.156.524.269
2010-01-01,CLP,Chile,1600.0,503.1,318.028.225.004.969
2010-01-01,CNY,China,12.5,6.8272,183.091.164.752.754
2010-01-01,COP,Colombia,8200.0,2095.6,391.296.048.864.287
2010-01-01,CRC,Costa Rica,2050.0,582.57,35.188.904.337.676.200
2010-01-01,CZK,Czech Republic,67.64,1.821.005,37.144.324.150.675
2010-01-01,DKK,Denmark,30.94,516.195,599.385.890.990.808
2010-01-01,EGP,Egypt,13.0,5.465,237.877.401.646.844
2010-01-01,EUR,Euro area,3.36,693.649.638,484.394.399.698.368
2010-01-01,GBP,Britain,2.29,623.752.495,36.713.280.000.587.400
2010-01-01,HKD,Hong Kong,14.8,775.655,19.080.647.968.491.100
2010-01-01,HUF,Hungary,720.0,1.866.508,385.747.074.215.594
2010-01-01,IDR,Indonesia,20900.0,9320.0,22.424.892.703.862.600
2010-01-01,ILS,Israel,14.9,3.7325,39.919.624.916.276
2010-01-01,JPY,Japan,320.0,91.54,349.573.956.740.223
2010-01-01,KRW,South Korea,3400.0,1140.5,298.114.861.902.674
2010-01-01,LKR,Sri Lanka,210.0,114.86,182.831.272.853.909
2010-01-01,MXN,Mexico,32.0,1.281.375,249.731.733.489.416
2010-01-01,MYR,Malaysia,07.05,3.3875,208.118.081.180.812
2010-01-01,NOK,Norway,40.0,569.555,702.302.674.895.313
2010-01-01,NZD,New Zealand,4.9,135.685,36.113.055.975.236.800
2010-01-01,PKR,Pakistan,200.0,82.6,242.130.750.605.327
2010-01-01,PEN,Peru,8.056.000.000.000.000,2.8705,28.064.797.073.680.400
2010-01-01,PHP,Philippines,101.52,45.92,22.108.013.937.282.200
2010-01-01,PLN,Poland,8.1,283.565,285.648.793.045.686
2010-01-01,RUB,Russia,70.0,29.927,23.390.249.607.377.900
2010-01-01,SAR,Saudi Arabia,10.0,3.7502,266.652.445.202.923
2010-01-01,SGD,Singapore,4.45,139.555,31.887.069.614.130.500
2010-01-01,SEK,Sweden,39.0,7.0821,550.684.119.117.211
2010-01-01,THB,Thailand,70.0,33.135,2.112.569.790.252
2010-01-01,TRY,Turkey,5.65,147.455,38.316.774.609.202.700
2010-01-01,TWD,Taiwan,75.0,318.425,235.534.270.236.319
2010-01-01,UAH,Ukraine,14.0,7.66,182.767.624.020.888
2010-01-01,UYU,Uruguay,77.0,23.17,332.326.283.987.915
2010-01-01,USD,United States,3.58,1.0,3.58
2010-01-01,ZAR,South Africa,17.95,7.3045,245.738.928.058.046
2010-07-01,AED,UAE,11.0,367.285,299.494.942.619.492
2010-07-01,ARS,Argentina,14.0,393.375,355.894.502.700.985
2010-07-01,AUD,Australia,4.35,1.133.722.578,38.369.175.002.881.400
2010-07-01,BRL,Brazil,8.71,177.495,4.907.180.483.957.290
2010-07-01,CAD,Canada,4.17,104.235,4.000.575.622.391.700
2010-07-01,CHF,Switzerland,6.5,105.085,6.185.468.906.123.610
2010-07-01,CLP,Chile,1750.0,523.65,334.192.685.954.359
2010-07-01,CNY,China,13.2,6.7769,19.477.932.387.965
2010-07-01,COP,Colombia,8200.0,1868.45,4.388.664.400.974.060
2010-07-01,CRC,Costa Rica,2000.0,522.115,383.057.372.417.954
2010-07-01,CZK,Czech Republic,67.64,197.476,34.252.263.566.205.400
2010-07-01,DKK,Denmark,28.5,581.365,490.225.589.775.786
2010-07-01,EGP,Egypt,13.0,5.699,228.110.194.771.012
2010-07-01,EUR,Euro area,33.800.310.710.000.000,78.015.291,433.252.382.664.316
2010-07-01,GBP,Britain,2.29,657.375.756,348.354.799.990.525
2010-07-01,HKD,Hong Kong,14.8,7.7742,190.373.285.997.273
2010-07-01,HUF,Hungary,740.0,22.196.915,333.379.661.092.544
2010-07-01,IDR,Indonesia,22780.0,9063.0,25.135.164.956.416.200
2010-07-01,ILS,Israel,14.9,3.8619,385.820.451.073.306
2010-07-01,JPY,Japan,320.0,87.18,367.056.664.372.563
2010-07-01,KRW,South Korea,3400.0,1204.45,282.286.520.818.631
2010-07-01,LKR,Sri Lanka,210.0,112.775,186.211.483.041.454
2010-07-01,MXN,Mexico,32.0,12.782,250.352.057.580.973
2010-07-01,MYR,Malaysia,07.05,3.2135,219.386.961.257.196
2010-07-01,NOK,Norway,45.0,624.625,720.432.259.355.613
2010-07-01,NZD,New Zealand,5.0,139.275.766,35.900.000.004.307.900
2010-07-01,PKR,Pakistan,210.0,85.525,24.554.223.911.137.100
2010-07-01,PEN,Peru,10.0,2.8275,35.366.931.918.656.000
2010-07-01,PHP,Philippines,102.0,46.47,219.496.449.322.143
2010-07-01,PLN,Poland,8.3,3.1969,25.962.651.318.464.800
2010-07-01,RUB,Russia,71.0,3.044.325,23.322.082.891.938.300
2010-07-01,SAR,Saudi Arabia,10.0,375.045,266.634.670.506.206
2010-07-01,SGD,Singapore,4.23,1.3742,30.781.545.626.546.400
2010-07-01,SEK,Sweden,48.4,737.355,6.564.002.414.033.950
2010-07-01,THB,Thailand,70.0,32.305,216.684.723.726.977
2010-07-01,TRY,Turkey,5.95,1.5293,389.066.893.349.899
2010-07-01,TWD,Taiwan,75.0,321.055,2.336.048.340.627
2010-07-01,UAH,Ukraine,14.5,7.899,18.356.754.019.496.100
2010-07-01,UYU,Uruguay,79.0,21.1,374.407.582.938.389
2010-07-01,USD,United States,3.733.333.333,1.0,3.733.333.333
2010-07-01,ZAR,South Africa,18.45,7.5365,244.808.598.155.643
2011-07-01,AED,UAE,12.0,367.305,32.670.396.536.938
2011-07-01,ARS,Argentina,20.0,4.1325,483.968.542.044.767
2011-07-01,AUD,Australia,4.56,9.223.815.890.000.000,49.437.240.014.121.600
2011-07-01,BRL,Brazil,9.5,1.5416,61.624.286.455.630.400
2011-07-01,CAD,Canada,4.73,94.585,500.079.293.756.938
2011-07-01,CHF,Switzerland,6.5,80.615,806.301.556.782.237
2011-07-01,CLP,Chile,1850.0,462.75,399.783.900.594.273
2011-07-01,CNY,China,14.65,6.445,227.307.990.690.458
2011-07-01,COP,Colombia,8400.0,1770.5,474.442.247.952.556
2011-07-01,CRC,Costa Rica,2050.0,504.305,406.500.034.701.222
2011-07-01,CZK,Czech Republic,69.32,170.219,4.072.400.848.318.930
2011-07-01,DKK,Denmark,28.5,519.845,548.240.340.870.837
2011-07-01,EGP,Egypt,14.09,5.962.000.000.000.000,236.330.090.573.633
2011-07-01,EUR,Euro area,3.437.660.401,697.520.315,492.840.183.586.624
2011-07-01,GBP,Britain,2.39,614.137.444,38.916.369.997.462.700
2011-07-01,HKD,Hong Kong,15.1,7.7918,193.793.475.191.868
2011-07-01,HUF,Hungary,760.0,1.880.724,404.099.697.775.963
2011-07-01,IDR,Indonesia,22534.0,8523.0,264.390.472.838.203
2011-07-01,INR,India,84.0,44.4,18.918.918.918.918.800
2011-07-01,ILS,Israel,15.9,340.335,467.186.742.474.327
2011-07-01,JPY,Japan,320.0,78.365,408.345.562.432.208
2011-07-01,KRW,South Korea,3700.0,1056.2,350.312.440.825.601
2011-07-01,LKR,Sri Lanka,280.0,109.475,255.766.156.656.771
2011-07-01,MXN,Mexico,32.0,1.167.075,274.189.747.873.958
2011-07-01,MYR,Malaysia,7.2,29.730.000.000.000.000,24.217.961.654.894.100
2011-07-01,NOK,Norway,45.0,541.405,831.170.750.177.778
2011-07-01,NZD,New Zealand,5.1,11.560.693.640.000.000,441.150.000.061.761
2011-07-01,PKR,Pakistan,205.13,86.345,237.570.212.519.544
2011-07-01,PEN,Peru,10.0,2.7375,36.529.680.365.296.700
2011-07-01,PHP,Philippines,118.0,42.41,27.823.626.503.183.100
2011-07-01,PLN,Poland,8.63,2.7968,308.566.933.638.444
2011-07-01,RUB,Russia,75.0,277.525,270.245.923.790.649
2011-07-01,SAR,Saudi Arabia,10.0,3.7502,266.652.445.202.923
2011-07-01,SGD,Singapore,4.41,120.705,365.353.547.906.052
2011-07-01,SEK,Sweden,48.4,6.3352,76.398.535.168.581.900
2011-07-01,THB,Thailand,70.0,29.75,235.294.117.647.059
2011-07-01,TRY,Turkey,6.5,172.285,377.281.829.526.656
2011-07-01,TWD,Taiwan,75.0,28.834,260.109.592.841.784
2011-07-01,UAH,Ukraine,16.5,7.994,206.404.803.602.702
2011-07-01,UYU,Uruguay,90.0,18.45,487.804.878.048.781
2011-07-01,USD,United States,4.065,1.0,4.065
2011-07-01,ZAR,South Africa,19.45,676.885,287.345.708.650.657
2012-01-01,AED,UAE,12.0,3.673,326.708.412.741.628
2012-01-01,ARS,Argentina,20.0,4.3135,463.660.600.440.478
2012-01-01,AUD,Australia,4.8,972.337.012,49.365.600.000.424.500
2012-01-01,BRL,Brazil,10.25,1.805,56.786.703.601.108
2012-01-01,CAD,Canada,4.73,102.095,463.293.990.890.837
2012-01-01,CHF,Switzerland,6.5,9.551,6.805.570.097.372.000
2012-01-01,CLP,Chile,2050.0,506.05,40.509.831.044.363.200
2012-01-01,CNY,China,15.4,6.3155,243.844.509.540.021
2012-01-01,COP,Colombia,8400.0,1852.15,4.535.269.821.558.730
2012-01-01,CRC,Costa Rica,2050.0,509.54,402.323.664.481.689
2012-01-01,CZK,Czech Republic,70.22,2.036.535,344.801.341.494.254
2012-01-01,DKK,Denmark,31.5,586.135,5.374.188.540.182.710
2012-01-01,EGP,Egypt,15.5,6.037.000.000.000.000,256.750.041.411.297
2012-01-01,EUR,Euro area,349.245.637,788.239.467,443.070.477.464.433
2012-01-01,GBP,Britain,2.49,651.253.663,38.233.950.017.721.400
2012-01-01,HKD,Hong Kong,16.5,776.735,212.427.661.943.906
2012-01-01,HUF,Hungary,645.0,24.569.425,26.252.140.617.861.400
2012-01-01,IDR,Indonesia,22534.0,9160.0,246.004.366.812.227
2012-01-01,INR,India,84.0,51.905,161.834.120.026.972
2012-01-01,ILS,Israel,15.9,3.8485,413.147.979.732.363
2012-01-01,JPY,Japan,320.0,76.92,416.016.640.665.627
2012-01-01,KRW,South Korea,3700.0,1158.75,319.309.600.862.999
2012-01-01,LKR,Sri Lanka,290.0,113.93,25.454.226.279.294.300
2012-01-01,MXN,Mexico,37.0,136.844,27.038.087.164.946.900
2012-01-01,MYR,Malaysia,7.35,313.955,234.109.983.914.892
2012-01-01,NOK,Norway,41.0,6.0399,678.819.185.748.108
2012-01-01,NZD,New Zealand,5.1,126.000.126,404.761.500.000.405
2012-01-01,PKR,Pakistan,260.0,90.05,288.728.484.175.458
2012-01-01,PEN,Peru,10.0,2.6925,371.402.042.711.235
2012-01-01,PHP,Philippines,118.0,44.005,26.815.134.643.790.400
2012-01-01,PLN,Poland,9.1,352.045,258.489.681.716.826
2012-01-01,RUB,Russia,81.0,317.693,254.963.124.777.694
2012-01-01,SAR,Saudi Arabia,10.0,3.7502,266.652.445.202.923
2012-01-01,SGD,Singapore,4.85,1.2928,37.515.470.297.029.700
2012-01-01,SEK,Sweden,41.0,6.9338,591.306.354.379.994
2012-01-01,THB,Thailand,78.0,31.75,24.566.929.133.858.300
2012-01-01,TRY,Turkey,6.6,186.295,354.276.819.023.592
2012-01-01,TWD,Taiwan,75.0,299.795,250.170.950.149.269
2012-01-01,UAH,Ukraine,17.0,8.0405,211.429.637.460.357
2012-01-01,UYU,Uruguay,90.0,19.45,462.724.935.732.648
2012-01-01,USD,United States,419.722,1.0,419.722
2012-01-01,ZAR,South Africa,19.95,8.1304,245.375.381.285.054
2012-07-01,AED,UAE,12.0,367.295,326.712.860.234.961
2012-07-01,ARS,Argentina,19.0,456.625,416.096.359.156.857
2012-07-01,AUD,Australia,4.56,9.743.264.970.000.000,468.015.599.908.292
2012-07-01,BRL,Brazil,10.08,204.215,4.935.974.340.768.300
2012-07-01,CAD,Canada,5.12,101.945,502.231.595.468.145
2012-07-01,CHF,Switzerland,6.5,9.906,656.167.979.002.625
2012-07-01,CLP,Chile,2050.0,493.05,41.577.933.272.487.500
2012-07-01,CNY,China,15.65,6.3885,24.497.143.304.375.000
2012-07-01,COP,Colombia,8600.0,1.804.475,476.592.914.836.725
2012-07-01,CZK,Czech Republic,70.33,21.048.000.000.000.000,334.141.011.022.425
2012-07-01,DKK,Denmark,28.5,6.1356,46.450.224.916.878.400
2012-07-01,EGP,Egypt,16.0,6.0665,263.743.509.437.072
2012-07-01,EUR,Euro area,35.834.822.410.000.000,8.248.443.109.999.990,43.444.346.929.611.000
2012-07-01,GBP,Britain,2.69,646.266.197,41.623.715.002.999
2012-07-01,HKD,Hong Kong,16.5,775.815,2.126.795.692.272
2012-07-01,HUF,Hungary,830.0,2.382.151,348.424.596.089.836
2012-07-01,IDR,Indonesia,24200.0,9482.5,255.206.960.189.823
2012-07-01,INR,India,89.0,56.165,158.461.675.420.636
2012-07-01,ILS,Israel,11.9,407.625,291.934.989.267.096
2012-07-01,JPY,Japan,320.0,78.22,409.102.531.321.913
2012-07-01,KRW,South Korea,3700.0,1151.0,32.145.960.034.752.400
2012-07-01,LKR,Sri Lanka,290.0,131.0,22.137.404.580.152.600
2012-07-01,MXN,Mexico,37.0,13.687.000.000.000.000,270.329.509.753.781
2012-07-01,MYR,Malaysia,7.4,3.1735,233.181.030.408.067
2012-07-01,NOK,Norway,43.0,609.205,705.837.936.326.852
2012-07-01,NZD,New Zealand,5.1,1.273.560.876,4.004.520.000.659.950
2012-07-01,PKR,Pakistan,285.0,94.605,301.252.576.502.299
2012-07-01,PHP,Philippines,118.0,42.2,27.962.085.308.056.800
2012-07-01,PLN,Poland,9.1,346.035,26.297.917.840.680.800
2012-07-01,RUB,Russia,75.0,3.276.525,228.901.046.077.781
2012-07-01,SAR,Saudi Arabia,10.0,375.025,26.664.889.007.399.500
2012-07-01,SGD,Singapore,4.4,1.2585,349.622.566.547.477
2012-07-01,SEK,Sweden,3.997.301.987,6.9777,572.868.135.202.144
2012-07-01,THB,Thailand,82.0,31.7,258.675.078.864.353
2012-07-01,TRY,Turkey,8.25,1.8269,451.584.651.595.599
2012-07-01,TWD,Taiwan,75.0,301.955,24.838.138.133.165.400
2012-07-01,UAH,Ukraine,15.0,8.0855,18.551.728.402.696.200
2012-07-01,UYU,Uruguay,99.0,21.87,45.267.489.711.934.100
2012-07-01,USD,United States,4.3275,1.0,4.3275
2012-07-01,ZAR,South Africa,19.95,8.4683,235.584.473.861.342
2013-01-01,AED,UAE,12.0,367.305,32.670.396.536.938
2013-01-01,ARS,Argentina,19.0,4.9765,381.794.433.839.044
2013-01-01,AUD,Australia,4.7,959.094.615,490.045.499.838.408
2013-01-01,BRL,Brazil,11.25,199.335,56.437.655.203.551.700
2013-01-01,CAD,Canada,5.41,1.2029,5.394.356.366.537.040
2013-01-01,CHF,Switzerland,6.5,9.123,712.484.928.203.442
2013-01-01,CLP,Chile,2050.0,471.75,434.552.199.258.082
2013-01-01,CNY,China,16.0,6.2204,25.721.818.532.570.200
2013-01-01,COP,Colombia,8600.0,1.773.175,485.005.710.096.296
2013-01-01,CRC,Costa Rica,2200.0,500.83,439.270.810.454.645
2013-01-01,CZK,Czech Republic,70.33,1.889.495,372.215.856.617.774
2013-01-01,DKK,Denmark,28.5,549.795,518.375.030.693.258
2013-01-01,EGP,Egypt,16.0,668.575,23.931.496.092.435.400
2013-01-01,EUR,Euro area,35.948.495.719.999.900,7.369.468.290.000.000,4.878.031.128.620.260
2013-01-01,GBP,Britain,2.69,633.211.968,4.248.182.498.028.830
2013-01-01,HKD,Hong Kong,17.0,7.7591,219.097.575.749.765
2013-01-01,HUF,Hungary,830.0,21.746.935,381.662.979.173.847
2013-01-01,IDR,Indonesia,27939.0,9767.5,286.040.440.235.475
2013-01-01,INR,India,89.0,53.395,166.682.273.621.126
2013-01-01,ILS,Israel,14.9,372.455,400.048.327.985.931
2013-01-01,JPY,Japan,320.0,91.065,35.139.735.353.868.100
2013-01-01,KRW,South Korea,3700.0,1.085.475,340.864.598.447.684
2013-01-01,LKR,Sri Lanka,350.0,126.45,276.789.244.760.775
2013-01-01,MXN,Mexico,37.0,12.7384,29.046.034.038.811.800
2013-01-01,MYR,Malaysia,7.95,3.083,25.786.571.521.245.400
2013-01-01,NOK,Norway,43.0,5.4831,7.842.279.002.753.910
2013-01-01,NZD,New Zealand,5.2,1.202.428.906,432.458.000.140.592
2013-01-01,PKR,Pakistan,290.0,97.665,296.933.394.767.829
2013-01-01,PEN,Peru,10.0,2.5595,390.701.308.849.385
2013-01-01,PHP,Philippines,118.0,40.6,29.064.039.408.867
2013-01-01,PLN,Poland,9.1,3.092,294.307.891.332.471
2013-01-01,RUB,Russia,72.88,30.045,24.256.947.911.466.000
2013-01-01,SAR,Saudi Arabia,11.0,3.7502,293.317.689.723.215
2013-01-01,SGD,Singapore,4.5,123.485,364.416.730.777.017
2013-01-01,SEK,Sweden,4.055.930.138,6.3492,638.809.635.544.636
2013-01-01,THB,Thailand,87.0,29.755,29.238.783.397.748.300
2013-01-01,TRY,Turkey,8.45,176.875,47.773.851.590.106
2013-01-01,TWD,Taiwan,75.0,29.502,254.220.052.877.771
2013-01-01,UAH,Ukraine,19.0,8.144,233.300.589.390.963
2013-01-01,UYU,Uruguay,105.0,19.28,544.605.809.128.631
2013-01-01,USD,United States,4.367.395.833,1.0,4.367.395.833
2013-01-01,ZAR,South Africa,20.9,9.047,23.101.580.634.464.500
2013-07-01,AED,UAE,12.0,3.673,326.708.412.741.628
2013-07-01,ARS,Argentina,21.0,5.4125,387.990.762.124.711
2013-07-01,AUD,Australia,5.035,1.089.858.863,461.986.425.117.506
2013-07-01,BRL,Brazil,12.0,227.065,528.483.033.492.612
2013-07-01,CAD,Canada,5.53,105.125,5.260.404.280.618.300
2013-07-01,CHF,Switzerland,6.5,9.674,67.190.407.277.238
2013-07-01,CLP,Chile,2000.0,508.155,393.580.698.802.531
2013-07-01,CNY,China,16.0,6.1341,260.836.960.597.317
2013-07-01,COP,Colombia,8600.0,1921.0,447.683.498.178.032
2013-07-01,CRC,Costa Rica,2150.0,498.675,431.142.527.698.401
2013-07-01,CZK,Czech Republic,70.45,201.828,349.059.595.298.967
2013-07-01,DKK,Denmark,28.5,5.8006,49.132.848.326.035.100
2013-07-01,EGP,Egypt,16.75,700.915,238.973.341.988.686
2013-07-01,EUR,Euro area,36.238.704.889.999.900,777.756.173,465.939.148.386.547
2013-07-01,GBP,Britain,2.69,669.142.494,402.007.049.936.362
2013-07-01,HKD,Hong Kong,17.0,775.665,219.166.779.473.097
2013-07-01,HUF,Hungary,860.0,22.846.200.000.000.000,37.643.021.596.589.300
2013-07-01,IDR,Indonesia,27939.0,9965.0,280.371.299.548.419
2013-07-01,INR,India,90.0,59.98,150.050.016.672.224
2013-07-01,ILS,Israel,17.5,364.595,479.984.640.491.504
2013-07-01,JPY,Japan,320.0,100.105,31.966.435.242.994.900
2013-07-01,KRW,South Korea,3900.0,1135.7,34.340.054.591.881.600
2013-07-01,LKR,Sri Lanka,370.0,130.8,28.287.461.773.700.200
2013-07-01,MXN,Mexico,37.0,1.294.115,28.590.967.572.433.700
2013-07-01,MYR,Malaysia,7.3,3.1805,22.952.365.980.191.800
2013-07-01,NOK,Norway,46.0,6.1281,7.506.404.921.590.700
2013-07-01,NZD,New Zealand,5.5,1.279.344.975,429.907.500.125.211
2013-07-01,PKR,Pakistan,300.0,100.035,29.989.503.673.714.100
2013-07-01,PEN,Peru,10.0,2.783,35.932.446.999.640.600
2013-07-01,PHP,Philippines,115.21,43.44,26.521.639.042.357.200
2013-07-01,PLN,Poland,9.2,3.3655,27.336.205.615.807.400
2013-07-01,RUB,Russia,87.0,329.389,264.125.395.808.603
2013-07-01,SAR,Saudi Arabia,10.0,3.7502,266.652.445.202.923
2013-07-01,SGD,Singapore,4.7,1.2747,368.714.207.264.454
2013-07-01,SEK,Sweden,41.61,6.7583,6.156.873.770.030.920
2013-07-01,THB,Thailand,89.0,31.275,28.457.234.212.629.900
2013-07-01,TRY,Turkey,8.5,195.745,434.238.422.437.355
2013-07-01,TWD,Taiwan,79.0,300.285,263.083.404.099.439
2013-07-01,UAH,Ukraine,19.0,8.155,23.298.589.822.195
2013-07-01,UYU,Uruguay,105.0,21.085,497.984.349.063.315
2013-07-01,USD,United States,4.556.666.667,1.0,4.556.666.667
2013-07-01,ZAR,South Africa,22.5,1.004.725,223.941.874.642.315
2014-01-01,AED,UAE,12.0,3.673,326.708.412.741.628
2014-01-01,ARS,Argentina,21.0,692.125,30.341.340.075.853.300
2014-01-01,AUD,Australia,05.05,1.128.859.288,4.473.542.498.770.660
2014-01-01,BRL,Brazil,12.4,236.305,5.247.455.618.797.740
2014-01-01,CAD,Canada,5.54,1.1051,50.131.209.845.262.900
2014-01-01,CHF,Switzerland,6.5,91.005,714.246.469.974.177
2014-01-01,CLP,Chile,2000.0,541.95,36.903.773.410.831.200
2014-01-01,CNY,China,16.6,6.0513,274.321.220.233.669
2014-01-01,COP,Colombia,8600.0,1.982.795,433.731.172.410.663
2014-01-01,CRC,Costa Rica,2150.0,501.92,42.835.511.635.320.400
2014-01-01,CZK,Czech Republic,70.45,202.838,34.732.150.780.425.700
2014-01-01,DKK,Denmark,28.5,5.5014,518.049.950.921.584
2014-01-01,EGP,Egypt,16.93,6.961,243.212.182.157.736
2014-01-01,EUR,Euro area,3.657.962.724,737.218.475,496.184.353.491.684
2014-01-01,GBP,Britain,2.79,603.009.015,462.679.649.988.317
2014-01-01,HKD,Hong Kong,18.0,775.785,232.023.047.622.731
2014-01-01,HUF,Hungary,860.0,22.309.705,38.548.246.155.652.800
2014-01-01,IDR,Indonesia,27939.0,12140.0,230.140.032.948.929
2014-01-01,INR,India,95.0,61.845,15.360.983.102.918.600
2014-01-01,ILS,Israel,17.5,3.4882,501.691.416.776.561
2014-01-01,JPY,Japan,310.0,104.245,29.737.637.296.752.700
2014-01-01,KRW,South Korea,3700.0,1067.3,346.669.165.183.173
2014-01-01,LKR,Sri Lanka,350.0,130.8,267.584.097.859.327
2014-01-01,MXN,Mexico,37.0,1.333.275,27.751.214.115.617.500
2014-01-01,MYR,Malaysia,7.4,3.3235,22.265.683.767.113
2014-01-01,NOK,Norway,48.0,615.745,779.543.479.849.613
2014-01-01,NZD,New Zealand,5.5,1.203.007.519,45.718.749.992.285
2014-01-01,PKR,Pakistan,320.0,105.415,303.562.111.653.939
2014-01-01,PEN,Peru,10.0,2.8065,356.315.695.706.396
2014-01-01,PHP,Philippines,135.0,45.23,298.474.463.851.426
2014-01-01,PLN,Poland,9.2,3.0684,29.983.053.056.967.700
2014-01-01,RUB,Russia,89.0,3.393.925,262.233.255.007.108
2014-01-01,SAR,Saudi Arabia,11.0,3.7504,29.330.204.778.157.000
2014-01-01,SGD,Singapore,4.6,127.885,359.698.166.321.304
2014-01-01,SEK,Sweden,40.7,647.315,6.287.510.717.347.800
2014-01-01,THB,Thailand,96.0,32.875,292.015.209.125.475
2014-01-01,TRY,Turkey,8.5,226.155,37.584.842.254.206.100
2014-01-01,TWD,Taiwan,79.0,30.160.999.999.999.900,26.192.765.491.860.400
2014-01-01,UAH,Ukraine,19.0,8.379,22.675.736.961.451.200
2014-01-01,UYU,Uruguay,105.0,21.38,4.911.131.898.971
2014-01-01,USD,United States,4.624.166.667,1.0,4.624.166.667
2014-01-01,ZAR,South Africa,23.5,1.087.765,216.039.309.961.251
2014-07-01,AED,UAE,13.0,367.305,35.392.929.581.682.700
2014-07-01,ARS,Argentina,21.0,816.875,25.707.727.620.505
2014-07-01,AUD,Australia,5.1,1.059.378.145,481.414.500.013.119
2014-07-01,BRL,Brazil,13.0,222.025,5.855.196.486.882.110
2014-07-01,CAD,Canada,5.64,107.405,525.115.218.099.716
2014-07-01,CHF,Switzerland,6.16,9.024,6.826.241.134.751.760
2014-07-01,CLP,Chile,2100.0,564.14,372.248.023.540.256
2014-07-01,CNY,China,16.9,6.1983,272.655.405.514.415
2014-07-01,COP,Colombia,8600.0,1847.65,4.654.561.199.361.340
2014-07-01,CRC,Costa Rica,2150.0,537.3,40.014.889.261.120.400
2014-07-01,CZK,Czech Republic,70.45,203.877,34.555.148.447.348.100
2014-07-01,DKK,Denmark,28.5,5.5388,514.551.888.495.703
2014-07-01,EGP,Egypt,16.93,715.005,236.781.560.968.105
2014-07-01,EUR,Euro area,367.923.829,7.427.489.140.000.000,495.354.246.993.891
2014-07-01,GBP,Britain,2.89,586.785.589,492.513.799.618.893
2014-07-01,HKD,Hong Kong,18.8,775.045,242.566.560.651.317
2014-07-01,HUF,Hungary,860.0,22.830.615,376.687.180.787.727
2014-07-01,IDR,Indonesia,27939.0,11505.0,242.842.242.503.259
2014-07-01,INR,India,105.0,6.008.875,17.474.152.815.626.800
2014-07-01,ILS,Israel,17.5,3.4138,512.625.227.019.743
2014-07-01,JPY,Japan,370.0,101.53,36.442.430.808.628
2014-07-01,KRW,South Korea,4100.0,1023.75,400.488.400.488.401
2014-07-01,LKR,Sri Lanka,350.0,130.255,26.870.369.659.513.900
2014-07-01,MXN,Mexico,42.0,1.293.255,32.476.193.790.087.700
2014-07-01,MYR,Malaysia,7.63,3.1675,240.883.977.900.553
2014-07-01,NOK,Norway,48.0,6.1873,775.782.651.560.455
2014-07-01,NZD,New Zealand,5.7,1.152.737.752,494.475.000.069.227
2014-07-01,PKR,Pakistan,300.0,98.68,304.012.971.220.105
2014-07-01,PEN,Peru,10.0,27.880.000.000.000.000,35.868.005.738.880.800
2014-07-01,PHP,Philippines,160.0,43.205,37.032.750.839.023.200
2014-07-01,PLN,Poland,9.2,3.0714,299.537.670.117.862
2014-07-01,RUB,Russia,89.0,3.483.725,25.547.366.683.650.400
2014-07-01,SAR,Saudi Arabia,11.0,375.035,29.330.595.811.057.500
2014-07-01,SGD,Singapore,4.7,1.238,37.964.458.804.523.300
2014-07-01,SEK,Sweden,40.7,6.836,59.537.741.369.221.700
2014-07-01,THB,Thailand,99.0,31.78,31.151.667.715.544.300
2014-07-01,TRY,Turkey,9.25,209.125,442.319.187.089.062
2014-07-01,TWD,Taiwan,79.0,29.982,26.349.142.819.024.800
2014-07-01,UAH,Ukraine,19.0,11.685,16.260.162.601.626
2014-07-01,UYU,Uruguay,113.0,22.97,491.946.016.543.317
2014-07-01,USD,United States,4.795,1.0,4.795
2014-07-01,VND,Vietnam,60000.0,21230.0,282.618.935.468.676
2014-07-01,ZAR,South Africa,24.5,10.5145,233.011.555.471.016
2015-01-01,AED,UAE,13.0,367.305,35.392.929.581.682.700
2015-01-01,ARS,Argentina,28.0,8.61,32.520.325.203.252
2015-01-01,AUD,Australia,5.3,1.227.219.734,431.870.499.892.076
2015-01-01,BRL,Brazil,13.5,259.275,520.682.672.837.721
2015-01-01,CAD,Canada,5.7,122.855,463.961.580.725.245
2015-01-01,CHF,Switzerland,6.5,86.165,754.366.622.178.379
2015-01-01,CLP,Chile,2100.0,627.485,33.466.935.464.592.700
2015-01-01,CNY,China,17.2,6.2115,27.690.573.935.442.200
2015-01-01,COP,Colombia,7900.0,2364.98,33.404.087.983.830.600
2015-01-01,CRC,Costa Rica,2150.0,536.09,401.052.062.153.743
2015-01-01,CZK,Czech Republic,70.45,2.413.325,29.192.089.751.691.000
2015-01-01,DKK,Denmark,34.5,6.4174,537.600.897.559.759
2015-01-01,EGP,Egypt,16.93,735.005,23.033.856.912.538
2015-01-01,EUR,Euro area,3.68,8.630.734.040.000.000,426.383.200.194.175
2015-01-01,GBP,Britain,2.89,6.615.944.429.999.990,436.823.499.740.308
2015-01-01,HKD,Hong Kong,18.8,775.135,242.538.396.537.377
2015-01-01,HUF,Hungary,860.0,27.139.345,316.883.108.269.562
2015-01-01,IDR,Indonesia,27939.0,12480.0,223.870.192.307.692
2015-01-01,INR,India,116.25,61.615,188.671.589.710.298
2015-01-01,ILS,Israel,17.5,393.415,44.482.289.694.088.800
2015-01-01,JPY,Japan,370.0,117.765,314.185.029.507.918
2015-01-01,KRW,South Korea,4100.0,1083.3,37.847.318.379.027.000
2015-01-01,LKR,Sri Lanka,350.0,131.875,265.402.843.601.896
2015-01-01,MXN,Mexico,49.0,146.275,33.498.547.256.879.100
2015-01-01,MYR,Malaysia,7.63,3.6155,211.035.818.005.808
2015-01-01,NOK,Norway,48.0,7.6225,629.714.660.544.441
2015-01-01,NZD,New Zealand,5.9,1.313.283.866,449.255.500.105.261
2015-01-01,PKR,Pakistan,300.0,100.735,29.781.108.849.952.700
2015-01-01,PEN,Peru,10.0,3.008,332.446.808.510.638
2015-01-01,PHP,Philippines,163.0,44.41,367.034.451.700.068
2015-01-01,PLN,Poland,9.2,3.7066,24.820.590.298.386.600
2015-01-01,RUB,Russia,89.0,65.227,136.446.563.539.639
2015-01-01,SAR,Saudi Arabia,11.0,3.7569,29.279.459.128.536.800
2015-01-01,SGD,Singapore,4.7,133.315,35.254.847.541.537.000
2015-01-01,SEK,Sweden,40.7,819.145,496.859.530.363.977
2015-01-01,THB,Thailand,99.0,32.605,303.634.411.900.015
2015-01-01,TRY,Turkey,9.25,233.345,39.640.875.099.102.200
2015-01-01,TWD,Taiwan,79.0,31.493.000.000.000.000,250.849.395.103.674
2015-01-01,UAH,Ukraine,19.0,15.822.000.000.000.000,12.008.595.626.343.100
2015-01-01,UYU,Uruguay,113.0,24.425,462.640.736.949.846
2015-01-01,USD,United States,4.79,1.0,4.79
2015-01-01,VND,Vietnam,60000.0,21380.0,28.063.610.851.262.900
2015-01-01,ZAR,South Africa,25.5,1.147.875,222.149.624.305.782
2015-07-01,AED,UAE,13.0,367.295,353.938.931.921.208
2015-07-01,ARS,Argentina,28.0,9.135,306.513.409.961.686
2015-07-01,AUD,Australia,5.3,135.126.005,39.222.649.999.901.800
2015-07-01,BRL,Brazil,13.5,315.235,428.251.939.029.613
2015-07-01,CAD,Canada,5.85,1.2897,453.593.859.036.985
2015-07-01,CHF,Switzerland,6.5,9.528,682.199.832.073.888
2015-07-01,CLP,Chile,2100.0,642.45,326.873.686.668.223
2015-07-01,CNY,China,17.0,6.2092,273.787.283.385.943
2015-07-01,COP,Colombia,7900.0,2708.9,291.631.289.453.284
2015-07-01,CRC,Costa Rica,2150.0,533.3,40.315.019.688.730.600
2015-07-01,CZK,Czech Republic,70.0,2.470.225,283.374.996.204.799
2015-07-01,DKK,Denmark,34.59,681.105,507.851.212.368.137
2015-07-01,EGP,Egypt,16.93,783.005,21.621.828.723.954.400
2015-07-01,EUR,Euro area,3.7,9.127.002.240.000.000,405.390.499.827.466
2015-07-01,GBP,Britain,2.89,640.450.877,4.512.446.002.943.010
2015-07-01,HKD,Hong Kong,19.2,7.7508,247.716.364.762.347
2015-07-01,HUF,Hungary,900.0,2.828.778,31.815.858.296.409.300
2015-07-01,IDR,Indonesia,30500.0,13344.5,228.558.582.187.418
2015-07-01,INR,India,116.25,63.43,183.272.899.259.026
2015-07-01,ILS,Israel,17.5,377.835,463.165.138.221.711
2015-07-01,JPY,Japan,370.0,123.935,298.543.591.398.717
2015-07-01,KRW,South Korea,4300.0,1143.5,376.038.478.355.925
2015-07-01,LKR,Sri Lanka,350.0,133.85,261.486.738.886.814
2015-07-01,MXN,Mexico,49.0,1.573.975,31.131.371.209.834.900
2015-07-01,MYR,Malaysia,7.65,3.8065,200.972.021.542.099
2015-07-01,NOK,Norway,46.0,814.255,56.493.358.960.031
2015-07-01,NZD,New Zealand,5.9,1.509.092.281,390.963.499.998.182
2015-07-01,PKR,Pakistan,350.0,101.7,344.149.459.193.707
2015-07-01,PEN,Peru,10.0,3.1835,314.119.679.597.927
2015-07-01,PHP,Philippines,163.0,452.125,36.051.976.776.334
2015-07-01,PLN,Poland,9.6,3.7736,25.439.898.240.407.000
2015-07-01,RUB,Russia,107.0,56.815,18.833.054.651.060.500
2015-07-01,SAR,Saudi Arabia,12.0,375.055,319.953.073.549.213
2015-07-01,SGD,Singapore,4.7,1.3664,34.396.955.503.512.900
2015-07-01,SEK,Sweden,43.7,852.265,5.127.513.156.119.280
2015-07-01,THB,Thailand,108.0,340.875,31.683.168.316.831.700
2015-07-01,TRY,Turkey,10.25,2.6457,38.742.109.838.606
2015-07-01,TWD,Taiwan,79.0,31.02,25.467.440.361.057.400
2015-07-01,UAH,Ukraine,34.0,21.95,154.897.494.305.239
2015-07-01,UYU,Uruguay,113.0,27.345,41.323.825.196.562.400
2015-07-01,USD,United States,4.79,1.0,4.79
2015-07-01,VND,Vietnam,60000.0,21810.0,275.103.163.686.382
2015-07-01,ZAR,South Africa,26.0,1.241.455,20.943.167.492.982
2016-01-01,AED,UAE,13.0,3.6731,35.392.447.796.139.500
2016-01-01,ARS,Argentina,33.0,1.380.925,23.897.025.544.472.000
2016-01-01,AUD,Australia,5.3,14.157.287.459.999.900,37.436.550.009.842.000
2016-01-01,BRL,Brazil,13.5,4.0248,335.420.393.559.928
2016-01-01,CAD,Canada,5.84,1.4092,414.419.528.810.673
2016-01-01,CHF,Switzerland,6.5,1.1988,64.432.989.690.721.700
2016-01-01,CLP,Chile,2100.0,715.215,29.361.800.297.812.400
2016-01-01,CNY,China,17.6,6.5582,268.366.320.026.837
2016-01-01,COP,Colombia,7900.0,3253.9,242.785.580.380.467
2016-01-01,CRC,Costa Rica,2150.0,535.25,401.681.457.262.961
2016-01-01,CZK,Czech Republic,75.0,251.442,298.279.523.707.257
2016-01-01,DKK,Denmark,30.0,6.9405,432.245.515.452.777
2016-01-01,EGP,Egypt,16.93,783.005,21.621.828.723.954.400
2016-01-01,EUR,Euro area,3.72,9.302.325.579.999.990,39.990.000.005.998.400
2016-01-01,GBP,Britain,2.89,684.532.977,422.185.650.232.012
2016-01-01,HKD,Hong Kong,19.2,775.235,24.766.683.650.764
2016-01-01,HUF,Hungary,900.0,29.267.905,307.504.073.147.702
2016-01-01,IDR,Indonesia,30500.0,13947.5,218.677.182.290.733
2016-01-01,INR,India,127.0,668.025,19.011.264.548.482.400
2016-01-01,ILS,Israel,16.9,394.105,4.288.197.307.824.060
2016-01-01,JPY,Japan,370.0,118.645,311.854.692.570.273
2016-01-01,KRW,South Korea,4300.0,1197.75,359.006.470.465.456
2016-01-01,LKR,Sri Lanka,350.0,144.05,242.971.190.558.834
2016-01-01,MXN,Mexico,49.0,1.743.675,281.015.670.924.914
2016-01-01,MYR,Malaysia,8.0,4.3925,182.128.628.343.768
2016-01-01,NOK,Norway,46.8,897.465,521.468.803.797.363
2016-01-01,NZD,New Zealand,5.9,1.508.068.165,391.228.999.917.255
2016-01-01,PKR,Pakistan,300.0,104.885,286.027.553.987.701
2016-01-01,PEN,Peru,10.0,3.418,29.256.875.365.710.800
2016-01-01,PHP,Philippines,131.0,470.225,27.859.003.668.456.600
2016-01-01,PLN,Poland,9.6,4.0477,237.171.727.153.692
2016-01-01,RUB,Russia,114.0,74.655,152.702.431.183.444
2016-01-01,SAR,Saudi Arabia,12.0,3.7543,31.963.348.693.498.000
2016-01-01,SGD,Singapore,4.7,143.725,327.013.393.633.675
2016-01-01,SEK,Sweden,45.0,860.185,523.143.277.318.251
2016-01-01,THB,Thailand,112.0,36.22,30.922.142.462.727.700
2016-01-01,TRY,Turkey,10.25,3.1996,340.576.820.839.979
2016-01-01,TWD,Taiwan,69.0,332.315,207.634.322.856.326
2016-01-01,UAH,Ukraine,36.0,23.35,15.417.558.886.509.600
2016-01-01,UYU,Uruguay,113.0,30.185,374.358.124.896.472
2016-01-01,USD,United States,4.93,1.0,4.93
2016-01-01,VND,Vietnam,60000.0,22467.5,26.705.240.903.527.200
2016-01-01,ZAR,South Africa,28.0,1.581.375,17.706.110.188.917.800
2016-07-01,AED,UAE,13.0,3.6731,35.392.447.796.139.500
2016-07-01,ARS,Argentina,50.0,14.935,33.478.406.427.854
2016-07-01,AUD,Australia,5.75,1.335.737.661,43.047.375.003.975.400
2016-07-01,BRL,Brazil,15.5,324.145,478.181.060.944.948
2016-07-01,CAD,Canada,6.0,13.030.000.000.000.000,460.475.825.019.187
2016-07-01,CHF,Switzerland,6.5,9.861,659.162.356.758.949
2016-07-01,CLP,Chile,2300.0,651.12,353.237.498.464.185
2016-07-01,CNY,China,18.6,6.678,27.852.650.494.159.900
2016-07-01,COP,Colombia,8900.0,2929.0,30.385.797.200.409.700
2016-07-01,CRC,Costa Rica,2250.0,546.39,411.793.773.678.142
2016-07-01,CZK,Czech Republic,75.0,2.454.655,30.554.191.933.285.800
2016-07-01,DKK,Denmark,30.0,675.715,443.974.160.703.847
2016-07-01,EGP,Egypt,23.0,887.995,25.901.046.740.128
2016-07-01,EUR,Euro area,3.82,908.306.463,420.562.899.815.015
2016-07-01,GBP,Britain,2.99,758.840.492,39.402.219.985.909.800
2016-07-01,HKD,Hong Kong,19.2,7.7554,24.756.943.549.011
2016-07-01,HUF,Hungary,900.0,2.856.397,315.082.252.221.943
2016-07-01,IDR,Indonesia,31000.0,13112.5,236.415.633.937.083
2016-07-01,INR,India,162.0,67.2,241.071.428.571.429
2016-07-01,ILS,Israel,16.9,385.875,437.965.662.455.458
2016-07-01,JPY,Japan,370.0,106.725,346.685.406.418.365
2016-07-01,KRW,South Korea,4400.0,1140.95,385.643.542.661.817
2016-07-01,LKR,Sri Lanka,530.0,146.2,36.251.709.986.320.000
2016-07-01,MXN,Mexico,44.0,18.535,237.388.724.035.608
2016-07-01,MYR,Malaysia,8.0,4.027,19.865.905.140.303.000
2016-07-01,NOK,Norway,46.8,849.355,551.006.351.878.779
2016-07-01,NZD,New Zealand,6.0,14.213.630.869.999.900,4.221.300.000.595.830
2016-07-01,PKR,Pakistan,375.0,104.82,357.756.153.405.839
2016-07-01,PEN,Peru,10.0,330.585,302.494.063.554.003
2016-07-01,PHP,Philippines,133.0,47.115,28.228.801.867.770.300
2016-07-01,PLN,Poland,9.6,396.565,242.078.852.142.776
2016-07-01,RUB,Russia,130.0,6.340.755,205.022.903.423.961
2016-07-01,SAR,Saudi Arabia,12.0,3.7505,31.995.733.902.146.300
2016-07-01,SGD,Singapore,5.45,1.3577,401.414.156.293.732
2016-07-01,SEK,Sweden,44.94,859.485,5.228.712.542.976.320
2016-07-01,THB,Thailand,119.0,34.965,34.034.034.034.034
2016-07-01,TRY,Turkey,10.75,304.305,353.263.995.005.011
2016-07-01,TWD,Taiwan,69.0,32.029,21.542.976.677.386.100
2016-07-01,UAH,Ukraine,39.0,24.8,15.725.806.451.612.900
2016-07-01,UYU,Uruguay,123.0,30.165,407.757.334.659.373
2016-07-01,USD,United States,05.04,1.0,05.04
2016-07-01,VND,Vietnam,60000.0,22300.0,269.058.295.964.126
2016-07-01,ZAR,South Africa,30.0,1.427.375,210.176.022.418.776
2017-01-01,AED,UAE,13.0,3.673,35.393.411.380.342.900
2017-01-01,ARS,Argentina,55.0,158.575,34.683.903.515.686.600
2017-01-01,AUD,Australia,5.8,13.566.680.230.000.000,427.518.000.105.469
2017-01-01,BRL,Brazil,16.5,322.395,511.794.537.756.479
2017-01-01,CAD,Canada,5.98,13.259.999.999.999.900,450.980.392.156.863
2017-01-01,CHF,Switzerland,6.5,1.0236,6.350.136.772.176.620
2017-01-01,CLP,Chile,2450.0,672.805,364.147.115.434.636
2017-01-01,CNY,China,19.6,6.9266,28.296.711.229.174.500
2017-01-01,COP,Colombia,9900.0,2.994.625,330.592.311.224.277
2017-01-01,CRC,Costa Rica,2250.0,554.33,4.058.954.052.640.120
2017-01-01,CZK,Czech Republic,75.0,2.581.175,290.565.343.302.953
2017-01-01,DKK,Denmark,30.0,710.125,42.246.083.436.014.800
2017-01-01,EGP,Egypt,27.49,18.77,146.457.112.413.426
2017-01-01,EUR,Euro area,3.88,955.246.692,406.177.800.194.884
2017-01-01,GBP,Britain,03.09,82.877.507,37.283.940.020.058.700
2017-01-01,HKD,Hong Kong,19.2,775.595,247.551.879.524.752
2017-01-01,HUF,Hungary,900.0,2.946.172,305.481.146.382.492
2017-01-01,IDR,Indonesia,31000.0,13329.0,232.575.587.065.796
2017-01-01,INR,India,170.0,683.275,248.801.726.976.693
2017-01-01,ILS,Israel,16.9,3.855,438.391.699.092.088
2017-01-01,JPY,Japan,380.0,116.665,32.571.893.884.198.300
2017-01-01,KRW,South Korea,4400.0,1196.45,367.754.607.380.166
2017-01-01,LKR,Sri Lanka,550.0,150.06,366.520.058.643.209
2017-01-01,MXN,Mexico,49.0,219.505,223.229.539.190.451
2017-01-01,MYR,Malaysia,8.0,4.4715,178.910.880.017.891
2017-01-01,NOK,Norway,49.0,864.835,566.582.064.786.925
2017-01-01,NZD,New Zealand,6.0,143.358.899,41.853.000.001.067.200
2017-01-01,PKR,Pakistan,375.0,104.775,35.790.980.672.870.300
2017-01-01,PEN,Peru,11.0,3.3929,32.420.643.107.666.000
2017-01-01,PHP,Philippines,133.0,49.615,268.064.093.520.105
2017-01-01,PLN,Poland,9.6,417.215,230.097.192.095.203
2017-01-01,RUB,Russia,130.0,604.375,215.098.241.985.522
2017-01-01,SAR,Saudi Arabia,12.0,375.065,319.944.542.945.889
2017-01-01,SGD,Singapore,5.6,143.875,389.226.759.339.705
2017-01-01,SEK,Sweden,48.0,912.455,5.260.533.396.167.480
2017-01-01,THB,Thailand,119.0,35.573,334.523.374.469.401
2017-01-01,TRY,Turkey,10.75,391.115,274.855.221.610.012
2017-01-01,TWD,Taiwan,69.0,31.905,216.267.042.783.263
2017-01-01,UAH,Ukraine,42.0,27.235,154.213.328.437.672
2017-01-01,UYU,Uruguay,125.0,28.725,435.161.009.573.542
2017-01-01,USD,United States,05.06,1.0,05.06
2017-01-01,VND,Vietnam,60000.0,22572.0,26.581.605.528.974
2017-01-01,ZAR,South Africa,26.32,139.525,188.640.028.668.697
2017-07-01,AED,UAE,14.0,3.673,381.159.814.865.233
2017-07-01,ARS,Argentina,70.0,169.675,412.553.410.932.665
2017-07-01,AUD,Australia,5.9,1.303.016.483,452.795.500.055.083
2017-07-01,BRL,Brazil,16.5,3.2343,510.156.757.258.139
2017-07-01,CAD,Canada,5.97,1.2823,4.655.696.794.821.800
2017-07-01,CHF,Switzerland,6.5,96.415,674.168.957.112.483
2017-07-01,CLP,Chile,2550.0,663.355,384.409.554.461.789
2017-07-01,CNY,China,19.8,6.7875,29.171.270.718.232
2017-07-01,COP,Colombia,9900.0,3052.16,324.360.452.925.142
2017-07-01,CRC,Costa Rica,2290.0,572.495,400.003.493.480.292
2017-07-01,CZK,Czech Republic,75.0,228.561,32.813.997.138.619.300
2017-07-01,DKK,Denmark,30.0,651.255,460.649.054.517.816
2017-07-01,EGP,Egypt,31.37,17.885,17.539.837.852.949.300
2017-07-01,EUR,Euro area,3.91,875.695.083,44.650.244.998.577.800
2017-07-01,GBP,Britain,3.19,775.885.479,411.143.150.160.695
2017-07-01,HKD,Hong Kong,19.2,7.8115,245.791.461.307.047
2017-07-01,HUF,Hungary,862.0,2.686.239,320.894.752.849.616
2017-07-01,IDR,Indonesia,32126.0,13369.5,240.293.204.682.299
2017-07-01,INR,India,178.0,645.575,27.572.319.250.280.800
2017-07-01,ILS,Israel,16.9,3.5405,4.773.337.099.279.750
2017-07-01,JPY,Japan,380.0,113.06,336.104.723.155.846
2017-07-01,KRW,South Korea,4400.0,1144.65,384.396.977.241.952
2017-07-01,LKR,Sri Lanka,580.0,153.725,377.297.121.483.168
2017-07-01,MXN,Mexico,49.0,1.779.075,275.424.026.530.641
2017-07-01,MYR,Malaysia,8.6,4.2935,20.030.278.327.704.700
2017-07-01,NOK,Norway,49.0,8.2852,591.416.018.925.313
2017-07-01,NZD,New Zealand,6.1,1.376.273.053,443.225.999.862.689
2017-07-01,PKR,Pakistan,375.0,105.15,356.633.380.884.451
2017-07-01,PEN,Peru,10.5,3.2515,32.292.787.944.025.800
2017-07-01,PHP,Philippines,134.0,505.765,26.494.518.205.095.200
2017-07-01,PLN,Poland,10.1,3.7086,27.233.996.656.420.200
2017-07-01,RUB,Russia,137.0,601.369,22.781.353.877.569.300
2017-07-01,SAR,Saudi Arabia,12.0,375.015,31.998.720.051.198
2017-07-01,SGD,Singapore,5.6,1.3777,406.474.559.047.688
2017-07-01,SEK,Sweden,48.97,841.565,581.892.070.131.244
2017-07-01,THB,Thailand,119.0,340.365,34.962.466.763.621.400
2017-07-01,TRY,Turkey,10.75,357.605,300.611.009.353.896
2017-07-01,TWD,Taiwan,69.0,304.775,226.396.522.024.444
2017-07-01,UAH,Ukraine,44.0,25.915,169.785.838.317.577
2017-07-01,UYU,Uruguay,130.0,28.705,4.528.827.730.360.570
2017-07-01,USD,United States,5.3,1.0,5.3
2017-07-01,VND,Vietnam,60000.0,22732.5,263.939.293.962.389
2017-07-01,ZAR,South Africa,30.0,13.27,226.073.850.791.259
2018-01-01,AED,UAE,14.0,3.673,381.159.814.865.233
2018-01-01,ARS,Argentina,75.0,189.375,396.039.603.960.396
2018-01-01,AUD,Australia,5.9,1.253.682.693,470.613.499.966.375
2018-01-01,BRL,Brazil,16.5,3.2279,511.168.251.804.579
2018-01-01,CAD,Canada,6.55,1.2459,5.257.243.759.531.250
2018-01-01,CHF,Switzerland,6.5,96.085,676.484.362.803.768
2018-01-01,CLP,Chile,2600.0,605.935,429.088.928.680.469
2018-01-01,CNY,China,20.4,6.432,317.164.179.104.478
2018-01-01,COP,Colombia,10900.0,2844.12,383.246.839.092.584
2018-01-01,CRC,Costa Rica,2290.0,568.53,402.793.168.346.437
2018-01-01,CZK,Czech Republic,79.0,20.747,380.777.943.799.104
2018-01-01,DKK,Denmark,30.0,6.0827,493.202.031.992.372
2018-01-01,EGP,Egypt,34.21,17.7,19.327.683.615.819.100
2018-01-01,EUR,Euro area,3.95,816.826.629,48.357.874.973.246
2018-01-01,GBP,Britain,3.19,72.285.673,44.130.459.987.555.100
2018-01-01,HKD,Hong Kong,20.5,7.819,262.181.864.688.579
2018-01-01,HUF,Hungary,864.0,25.214.215,34.266.385.053.034.500
2018-01-01,IDR,Indonesia,35750.0,13359.0,26.760.985.103.675.400
2018-01-01,INR,India,180.0,6.386.125,28.186.106.598.289.200
2018-01-01,ILS,Israel,16.5,343.635,480.160.635.558.078
2018-01-01,JPY,Japan,380.0,110.725,34.319.259.426.507.000
2018-01-01,KRW,South Korea,4400.0,1069.25,41.150.339.022.679.500
2018-01-01,LKR,Sri Lanka,580.0,153.8,37.711.313.394.018.100
2018-01-01,MXN,Mexico,48.0,186.635,257.186.486.993.329
2018-01-01,MYR,Malaysia,9.0,39.539.999.999.999.900,227.617.602.427.921
2018-01-01,NOK,Norway,49.0,7.8501,624.195.870.116.304
2018-01-01,NZD,New Zealand,6.2,1.374.664.925,451.019.000.139.252
2018-01-01,PKR,Pakistan,375.0,110.505,33.935.116.058.096.800
2018-01-01,PEN,Peru,10.5,32.119.999.999.999.900,326.899.128.268.991
2018-01-01,PHP,Philippines,134.0,50.725,26.416.954.164.613.100
2018-01-01,PLN,Poland,10.1,340.575,296.557.292.813.624
2018-01-01,RUB,Russia,130.0,56.745,22.909.507.445.589.900
2018-01-01,SAR,Saudi Arabia,12.0,3.7503,31.997.440.204.783.600
2018-01-01,SGD,Singapore,5.8,132.255,438.546.746.814.865
2018-01-01,SEK,Sweden,49.1,8.0188,612.311.068.987.879
2018-01-01,THB,Thailand,119.0,31.95,37.245.696.400.626.000
2018-01-01,TRY,Turkey,10.75,3.8026,28.270.130.963.025.200
2018-01-01,TWD,Taiwan,69.0,29.553,23.347.883.463.607.700
2018-01-01,UAH,Ukraine,47.0,28.715,16.367.752.045.969
2018-01-01,UYU,Uruguay,140.0,28.58,4.898.530.440.867.740
2018-01-01,USD,United States,5.28,1.0,5.28
2018-01-01,VND,Vietnam,65000.0,22711.5,28.619.862.184.355.800
2018-01-01,ZAR,South Africa,30.0,1.225.815,24.473.513.539.971.400
2018-07-01,AED,United Arab Emirates,14.0,367.315,38.114.424.948.613.500
2018-07-01,ARS,Argentina,75.0,27.725,27.051.397.655.545.400
2018-07-01,AUD,Australia,06.05,133.985.395.591.881,451.541.749.999.998
2018-07-01,AZN,Azerbaijan,3.95,170.175,232.114.000.293.815
2018-07-01,BHD,Bahrain,1.2,37.955,31.616.387.827.690.600
2018-07-01,BRL,Brazil,16.9,383.835,44.029.335.521.773.700
2018-07-01,CAD,Canada,6.65,131.235,50.672.457.804.701.500
2018-07-01,CHF,Switzerland,6.5,99.325,654.417.316.889.001
2018-07-01,CLP,Chile,2640.0,651.73,405.075.721.541.129
2018-07-01,CNY,China,20.5,6.622.000.000.000.000,309.574.146.783.449
2018-07-01,COP,Colombia,11900.0,2874.07,414.046.978.674.841
2018-07-01,CRC,Costa Rica,2290.0,567.8,403.311.025.008.806
2018-07-01,CZK,Czech Republic,75.0,2.206.475,339.908.677.868.546
2018-07-01,DKK,Denmark,30.0,6.3591,471.764.872.387.602
2018-07-01,EGP,Egypt,31.37,17.905,17.520.245.741.413
2018-07-01,EUR,Euro area,04.04,8.532.059.212.490.940,4.735.082
2018-07-01,GBP,Britain,3.19,7.538.635.506.973.240,4.231.535
2018-07-01,GTQ,Guatemala,25.0,7.4871,333.907.654.499.072
2018-07-01,HKD,Hong Kong,20.0,784.825,254.833.880.164.368
2018-07-01,HNL,Honduras,85.0,239.926,35.427.590.173.636.900
2018-07-01,HRK,Croatia,21.0,631.275,332.660.092.669.597
2018-07-01,HUF,Hungary,850.0,2.764.302,307.491.728.472.504
2018-07-01,IDR,Indonesia,31500.0,14360.0,219.359.331.476.323
2018-07-01,INR,India,173.0,68.825,251.362.150.381.402
2018-07-01,ILS,Israel,17.0,3.6349,467.688.244.518.419
2018-07-01,JOD,Jordan,1.95,71.005,274.628.547.285.402
2018-07-01,JPY,Japan,390.0,111.25,350.561.797.752.809
2018-07-01,KRW,South Korea,4500.0,1116.0,403.225.806.451.613
2018-07-01,KWD,Kuwait,01.05,3.025,347.107.438.016.529
2018-07-01,LBP,Lebanon,6500.0,1511.0,43.017.868.960.953
2018-07-01,LKR,Sri Lanka,580.0,159.27,36.416.148.678.344.800
2018-07-01,MDL,Moldova,43.0,166.526,25.821.793.593.793.100
2018-07-01,MXN,Mexico,49.0,190.515,257.197.595.989.817
2018-07-01,MYR,Malaysia,8.45,4.0225,210.068.365.444.375
2018-07-01,NIO,Nicaragua,103.0,315.872,326.081.450.714.213
2018-07-01,NOK,Norway,42.0,8.0415,522.290.617.422.123
2018-07-01,NZD,New Zealand,6.2,14.643.432.420.559.400,423.397.999.999.999
2018-07-01,OMR,Oman,01.05,385,27.272.727.272.727.200
2018-07-01,PKR,Pakistan,375.0,121.49,30.866.738.003.127.700
2018-07-01,PEN,Peru,10.5,3.2715,32.095.369.096.744.500
2018-07-01,PHP,Philippines,140.0,53.486.999.999.999.900,26.174.584.478.471.400
2018-07-01,PLN,Poland,10.1,368.695,273.939.163.807.483
2018-07-01,QAR,Qatar,12.0,3.641,329.579.785.773.139
2018-07-01,RON,Romania,9.2,397.325,23.154.848.046.309.700
2018-07-01,RUB,Russia,130.0,6.214.065,209.202.832.606.353
2018-07-01,SAR,Saudi Arabia,12.0,3.7504,319.965.870.307.167
2018-07-01,SGD,Singapore,5.8,135.585,427.775.933.915.994
2018-07-01,SEK,Sweden,51.0,8.7526,5.826.840.024.678.370
2018-07-01,THB,Thailand,119.0,33.17,35.875.791.377.751
2018-07-01,TRY,Turkey,10.75,470.625,228.419.654.714.475
2018-07-01,TWD,Taiwan,69.0,303.725,227.179.191.703.021
2018-07-01,UAH,Ukraine,50.0,26.199,190.846.978.892.324
2018-07-01,UYU,Uruguay,140.0,31.31,447.141.488.342.383
2018-07-01,USD,United States,5.51,1.0,5.51
2018-07-01,VND,Vietnam,65000.0,23039.5,282.124.178.042.058
2018-07-01,ZAR,South Africa,31.0,133.619,232.002.933.714.517
2019-01-01,AED,United Arab Emirates,14.0,367.315,38.114.424.948.613.500
2019-01-01,ARS,Argentina,75.0,37.455,200.240.288.346.015
2019-01-01,AUD,Australia,6.1,14.016.399.187.048.700,4.352.045.000.000.000
2019-01-01,AZN,Azerbaijan,3.95,1.6965,23.283.230.179.781.800
2019-01-01,BHD,Bahrain,1.2,377,318.302.387.267.905
2019-01-01,BRL,Brazil,16.9,371.795,4.545.515.673.960.110
2019-01-01,CAD,Canada,6.77,1.3314,508.487.306.594.562
2019-01-01,CHF,Switzerland,6.5,98.165,6.621.504.609.585.900
2019-01-01,CLP,Chile,2640.0,678.99,38.881.279.547.563.300
2019-01-01,CNY,China,20.9,6.8497,305.122.852.095.712
2019-01-01,COP,Colombia,11900.0,3191.5,372.865.423.781.921
2019-01-01,CRC,Costa Rica,2290.0,606.975,37.728.077.762.675.600
2019-01-01,CZK,Czech Republic,85.0,2.231.165,380.966.893.976.913
2019-01-01,DKK,Denmark,30.0,651.545,460.444.021.518.084
2019-01-01,EGP,Egypt,40.0,17.91,223.338.916.806.253
2019-01-01,EUR,Euro area,04.05,87.248.614.928.238,4.641.907.499.999.990
2019-01-01,GBP,Britain,3.19,783.208.020.050.125,4.072.992
2019-01-01,GTQ,Guatemala,25.0,7.7283,323.486.407.101.174
2019-01-01,HKD,Hong Kong,20.0,783.435,255.286.016.070.255
2019-01-01,HNL,Honduras,85.0,243.391,34.923.230.522.081.800
2019-01-01,HRK,Croatia,21.0,647.885,32.413.159.742.855.600
2019-01-01,HUF,Hungary,850.0,28.026.875,30.328.033.360.836.600
2019-01-01,IDR,Indonesia,33000.0,14090.0,234.208.658.623.137
2019-01-01,INR,India,178.0,69.685,255.435.172.562.244
2019-01-01,ILS,Israel,17.0,370.785,4.584.867.241.123.550
2019-01-01,JOD,Jordan,1.95,7.096,274.802.705.749.718
2019-01-01,JPY,Japan,390.0,108.44,359.645.887.126.522
2019-01-01,KRW,South Korea,4500.0,1118.6,40.228.857.500.447
2019-01-01,KWD,Kuwait,01.05,3.031,346.420.323.325.635
2019-01-01,LBP,Lebanon,6500.0,1507.0,431.320.504.313.205
2019-01-01,LKR,Sri Lanka,580.0,182.245,318.252.901.314.165
2019-01-01,MDL,Moldova,40.0,17.262.999.999.999.900,23.170.943.636.679.500
2019-01-01,MXN,Mexico,49.0,1.930.875,253.770.958.762.219
2019-01-01,MYR,Malaysia,09.05,4.1175,219.793.564.055.859
2019-01-01,NIO,Nicaragua,103.0,323.607,318.287.305.280.788
2019-01-01,NOK,Norway,50.0,8.5329,585.967.256.149.726
2019-01-01,NZD,New Zealand,6.2,14.792.899.408.284,4.191.200.000.000.000
2019-01-01,OMR,Oman,01.05,3.849,27.279.812.938.425.600
2019-01-01,PKR,Pakistan,460.0,138.88,33.122.119.815.668.100
2019-01-01,PEN,Peru,10.5,3.3485,31.357.324.175.003.700
2019-01-01,PHP,Philippines,140.0,523.925,26.721.381.877.177.000
2019-01-01,PLN,Poland,10.5,374.845,28.011.578.118.955.800
2019-01-01,QAR,Qatar,12.0,364.125,32.955.715.756.951.600
2019-01-01,RON,Romania,9.3,406.695,22.867.259.248.331.000
2019-01-01,RUB,Russia,110.17,66.685,165.209.567.368.974
2019-01-01,SAR,Saudi Arabia,12.0,375.115,31.990.189.675.166.200
2019-01-01,SGD,Singapore,5.8,1.3559,427.760.159.303.783
2019-01-01,SEK,Sweden,52.0,890.625,5.838.596.491.228.070
2019-01-01,THB,Thailand,119.0,320.075,371.787.862.219.792
2019-01-01,TRY,Turkey,10.75,5.3834,19.968.792.956.124.300
2019-01-01,TWD,Taiwan,69.0,30.803,224.004.155.439.405
2019-01-01,UAH,Ukraine,54.0,27.8,194.244.604.316.547
2019-01-01,UYU,Uruguay,140.0,32.51,430.636.727.160.874
2019-01-01,USD,United States,5.58,1.0,5.58
2019-01-01,VND,Vietnam,65000.0,23199.0,28.018.449.071.080.600
2019-01-01,ZAR,South Africa,31.0,138.675,223.544.258.157.563
2019-07-09,AED,United Arab Emirates,14.75,367.315,401.562.691.422.893
2019-07-09,ARS,Argentina,120.0,418.045,287.050.437.153.895
2019-07-09,AUD,Australia,6.15,14.436.263.894.904,4.260.105
2019-07-09,AZN,Azerbaijan,3.95,1.6965,23.283.230.179.781.800
2019-07-09,BHD,Bahrain,1.4,377,37.135.278.514.588.800
2019-07-09,BRL,Brazil,17.5,3.8073,459.643.316.786.174
2019-07-09,CAD,Canada,6.77,131.305,51.559.346.559.537
2019-07-09,CHF,Switzerland,6.5,99.355,654.219.717.175.784
2019-07-09,CLP,Chile,2640.0,689.75,382.747.372.236.318
2019-07-09,CNY,China,21.0,6.8846,30.502.861.458.908.300
2019-07-09,COP,Colombia,11900.0,3227.0,36.876.355.748.373.100
2019-07-09,CRC,Costa Rica,2290.0,581.935,39.351.473.961.868.500
2019-07-09,CZK,Czech Republic,85.0,227.993,37.281.846.372.476.300
2019-07-09,DKK,Denmark,30.0,6.6593,450.497.800.069.076
2019-07-09,EGP,Egypt,42.0,16.615,252.783.629.250.677
2019-07-09,EUR,Euro area,04.08,892.339.267.389.462,4.572.252
2019-07-09,GBP,Britain,3.29,8.021.819.348.628.270,4.101.314
2019-07-09,GTQ,Guatemala,25.0,7.6802,32.551.235.644.905.000
2019-07-09,HKD,Hong Kong,20.5,7.8105,26.246.719.160.105
2019-07-09,HNL,Honduras,86.0,244.834,35.125.840.365.308.700
2019-07-09,HRK,Croatia,22.0,6.5981,33.342.932.056.198
2019-07-09,HUF,Hungary,900.0,2.905.412,30.976.673.876.200.600
2019-07-09,IDR,Indonesia,32000.0,14130.0,226.468.506.723.284
2019-07-09,INR,India,183.0,685.544,266.941.290.420.454
2019-07-09,ILS,Israel,17.0,3.5667,476.631.059.522.808
2019-07-09,JOD,Jordan,2.3,7.090.000.000.000.000,324.400.564.174.894
2019-07-09,JPY,Japan,390.0,108.765,358.571.231.554.268
2019-07-09,KRW,South Korea,4500.0,1180.55,381.178.264.368.303
2019-07-09,KWD,Kuwait,1.1,3.045,361.247.947.454.844
2019-07-09,LBP,Lebanon,6500.0,1507.0,431.320.504.313.205
2019-07-09,LKR,Sri Lanka,640.0,175.675,364.309.093.496.513
2019-07-09,MDL,Moldova,43.0,178.142,241.380.471.758.485
2019-07-09,MXN,Mexico,50.0,1.889.525,26.461.676.876.463.700
2019-07-09,MYR,Malaysia,8.85,4.1425,21.363.910.681.955.300
2019-07-09,NIO,Nicaragua,110.0,331.621,33.170.396.325.926.200
2019-07-09,NOK,Norway,42.0,865.275,4.853.948.166.767.790
2019-07-09,NZD,New Zealand,6.4,15.134.317.063.942.500,4.2288
2019-07-09,OMR,Oman,1.21,385,314.285.714.285.714
2019-07-09,PKR,Pakistan,480.0,157.45,30.485.868.529.692
2019-07-09,PEN,Peru,10.5,3.2868,319.459.656.809.054
2019-07-09,PHP,Philippines,142.0,513.175,276.708.725.093.779
2019-07-09,PLN,Poland,10.8,380.775,283.632.066.180.815
2019-07-09,QAR,Qatar,13.0,364.175,35.697.123.635.614.700
2019-07-09,RON,Romania,9.3,4.2192,220.420.932.878.271
2019-07-09,RUB,Russia,130.0,6.383.875,203.638.072.487.322
2019-07-09,SAR,Saudi Arabia,13.0,375.035,346.634.314.130.681
2019-07-09,SGD,Singapore,5.8,1.3613,426.063.321.824.726
2019-07-09,SEK,Sweden,51.0,947.505,538.255.734.798.233
2019-07-09,THB,Thailand,119.0,308.275,38.601.897.656.313.300
2019-07-09,TRY,Turkey,13.99,5.722,244.494.931.842.013
2019-07-09,TWD,Taiwan,72.0,31.171.999.999.999.900,23.097.651.738.739.900
2019-07-09,UAH,Ukraine,57.0,256.475,22.224.388.341.943.700
2019-07-09,UYU,Uruguay,164.0,351.695,466.313.140.647.436
2019-07-09,USD,United States,5.74,1.0,5.74
2019-07-09,VND,Vietnam,65000.0,23231.0,279.798.545.047.566
2019-07-09,ZAR,South Africa,31.0,14.175,218.694.885.361.552
2020-01-14,AED,United Arab Emirates,14.75,367.315,401.562.691.422.893
2020-01-14,ARS,Argentina,171.0,600.656,28.468.874.031.059.400
2020-01-14,AUD,Australia,6.45,14.490.653.528.474.000,4.451.145.000.000.000
2020-01-14,AZN,Azerbaijan,3.95,1.6965,23.283.230.179.781.800
2020-01-14,BHD,Bahrain,1.4,377,37.135.278.514.588.800
2020-01-14,BRL,Brazil,19.9,4.1419,4.804.558.294.502.510
2020-01-14,CAD,Canada,6.77,130.655,518.158.509.050.553
2020-01-14,CHF,Switzerland,6.5,96.825,67.131.422.669.765
2020-01-14,CLP,Chile,2640.0,772.74,34.164.143.178.818.100
2020-01-14,CNY,China,21.5,6.885,312.273.057.371.097
2020-01-14,COP,Colombia,11900.0,3.287.625,361.963.423.443.976
2020-01-14,CRC,Costa Rica,2350.0,569.965,412.306.018.790.628
2020-01-14,CZK,Czech Republic,85.0,2.263.095,375.591.833.307.926
2020-01-14,DKK,Denmark,30.0,671.935,446.471.756.940.776
2020-01-14,EGP,Egypt,42.0,15.88,26.448.362.720.403
2020-01-14,EUR,Euro area,4.12,8.991.592.860.675.260,4.582.058
2020-01-14,GBP,Britain,3.39,76.866.904.954.072,44.102.205
2020-01-14,GTQ,Guatemala,25.0,7.7063,32.440.989.839.482.000
2020-01-14,HKD,Hong Kong,20.5,777.535,263.653.726.198.821
2020-01-14,HNL,Honduras,87.0,246.548,35.287.246.296.867.100
2020-01-14,HRK,Croatia,22.0,6.6965,328.529.829.015.157
2020-01-14,HUF,Hungary,900.0,2.987.502,30.125.502.844.851.600
2020-01-14,IDR,Indonesia,33000.0,13670.0,24.140.453.547.915.000
2020-01-14,INR,India,188.0,7.087.815,265.243.943.302.696
2020-01-14,ILS,Israel,17.0,3.4595,491.400.491.400.492
2020-01-14,JOD,Jordan,2.3,7.090.000.000.000.000,324.400.564.174.894
2020-01-14,JPY,Japan,390.0,110.04,354.416.575.790.622
2020-01-14,KRW,South Korea,4500.0,1156.1,389.239.685.148.344
2020-01-14,KWD,Kuwait,1.1,3.034,36.255.767.963.085
2020-01-14,LBP,Lebanon,6500.0,1514.0,42.932.628.797.886.400
2020-01-14,LKR,Sri Lanka,580.0,181.45,319.647.285.753.651
2020-01-14,MDL,Moldova,45.0,17.42,25.832.376.578.645.100
2020-01-14,MXN,Mexico,50.0,188.205,265.667.755.904.466
2020-01-14,MYR,Malaysia,9.5,4.0745,233.157.442.630.998
2020-01-14,NIO,Nicaragua,120.0,338.763,35.422.994.837.098.500
2020-01-14,NOK,Norway,53.0,887.515,597.173.005.526.667
2020-01-14,NZD,New Zealand,6.5,15.135.462.388.376,429.454.999.999.999
2020-01-14,OMR,Oman,1.155,38.505,299.961.044.020.257
2020-01-14,PKR,Pakistan,520.0,154.875,335.754.640.839.387
2020-01-14,PEN,Peru,11.9,3.3276,357.615.097.968.506
2020-01-14,PHP,Philippines,142.0,50.58,280.743.376.828.786
2020-01-14,PLN,Poland,11.0,3.7966,289.732.918.927.461
2020-01-14,QAR,Qatar,13.0,3.641,357.044.767.920.901
2020-01-14,RON,Romania,9.5,4.2982,221.022.753.710.856
2020-01-14,RUB,Russia,135.0,614.325,21.975.338.786.473
2020-01-14,SAR,Saudi Arabia,13.0,3.7518,34.650.034.650.034.700
2020-01-14,SGD,Singapore,5.9,134.715,437.961.622.684.928
2020-01-14,SEK,Sweden,51.5,9.4591,54.444.926.050.047
2020-01-14,THB,Thailand,115.0,302.775,379.819.998.348.609
2020-01-14,TRY,Turkey,12.99,588.025,220.908.974.958.548
2020-01-14,TWD,Taiwan,72.0,298.845,24.092.757.114.892.300
2020-01-14,UAH,Ukraine,57.0,23.99,23.759.899.958.316
2020-01-14,UYU,Uruguay,179.0,37.435,47.816.214.772.271.900
2020-01-14,USD,United States,5.67,1.0,5.67
2020-01-14,VND,Vietnam,66000.0,23176.0,28.477.735.588.539.900
2020-01-14,ZAR,South Africa,31.0,14.390.999.999.999.900,215.412.410.534.362